,empty,mbm,l1,promm_no_c,marine_broth_wo_yeast_and_peptone,marine_broth_wo_yeast_and_peptone_no_n,swm,mbm_Glucose ,l1_Glucose ,mbm_Acetate,l1_Acetate,mbm_3-hydroxybutyrate,l1_Alanine,l1_Proline,l1_Glycerol-3-phosphate,l1_DHPS (dihydroxypropanesulfonate),l1_Tyrosine,l1_Glutamate,l1_Valine,promm_no_c_Leucine,promm_no_c_Isoleucine,promm_no_c_Valine,promm_no_c_3-methyl-2-oxobutanoic acid,marine_broth_wo_yeast_and_peptone_Alanine,"marine_broth_wo_yeast_and_peptone_Alanine, Pyruvate",marine_broth_wo_yeast_and_peptone_Arginine,"marine_broth_wo_yeast_and_peptone_Arginine, Pyruvate",marine_broth_wo_yeast_and_peptone_Glutamine,"marine_broth_wo_yeast_and_peptone_Glutamine, Pyruvate",marine_broth_wo_yeast_and_peptone_Lysine,"marine_broth_wo_yeast_and_peptone_Lysine, Pyruvate","marine_broth_wo_yeast_and_peptone_Methionine, Pyruvate","marine_broth_wo_yeast_and_peptone_Proline, Pyruvate","marine_broth_wo_yeast_and_peptone_no_n_Ammonium, Glucose","marine_broth_wo_yeast_and_peptone_no_n_Nitrate, Glucose","marine_broth_wo_yeast_and_peptone_no_n_Urea, Glucose","marine_broth_wo_yeast_and_peptone_no_n_Ammonium, Pyruvate","marine_broth_wo_yeast_and_peptone_no_n_Nitrate, Pyruvate",swm_Phenol,swm_alpha-Mannan,mbm_Galactose,mbm_Mannuronic Acid,mbm_Galacturonic Acid
H2O,False,True,True,True,True,True,True,True,True,True,True,True,True,True,True,True,True,True,True,True,True,True,True,True,True,True,True,True,True,True,True,True,True,True,True,True,True,True,True,True,True,True,True
ATP,False,False,False,False,False,False,False,True,True,True,True,True,True,True,True,True,True,True,True,True,True,True,True,True,True,True,True,False,True,True,True,True,True,True,True,False,True,True,True,False,True,True,True
NAD,False,False,False,False,False,False,False,True,True,True,True,True,True,True,True,True,True,True,True,True,True,True,True,True,True,True,True,False,True,True,True,True,True,True,True,False,True,True,True,False,True,True,True
NADP,False,False,False,False,False,False,False,True,True,True,True,True,True,True,True,True,True,True,True,True,True,True,True,True,True,True,True,False,True,True,True,True,True,True,True,False,True,True,True,False,True,True,True
CoA,False,False,False,False,False,False,False,True,True,True,True,True,True,True,True,True,True,True,True,True,True,True,True,True,True,True,True,False,True,True,True,True,True,True,True,False,True,True,True,False,True,True,True
FAD,False,False,False,False,False,False,False,True,True,True,True,True,True,True,True,True,True,True,True,True,True,True,True,True,True,True,True,False,True,True,True,True,True,True,True,False,True,True,True,False,True,True,True
Pyridoxal phosphate,False,False,False,False,False,False,False,True,True,True,True,True,True,True,True,True,True,True,True,True,True,True,True,True,True,True,True,False,True,True,True,True,True,True,True,False,True,True,True,False,True,True,True
S-Adenosyl-L-methionine,False,False,False,False,False,False,False,True,True,True,True,True,True,True,True,True,True,True,True,True,True,True,True,True,True,True,True,False,True,True,True,True,True,True,True,False,True,True,True,False,True,True,True
Heme,False,False,False,False,False,False,False,True,True,True,True,True,True,True,True,True,True,True,True,True,True,True,True,True,True,True,True,False,True,True,True,True,True,True,True,False,True,True,True,False,True,True,True
Mn2+,False,True,True,True,True,True,True,True,True,True,True,True,True,True,True,True,True,True,True,True,True,True,True,True,True,True,True,True,True,True,True,True,True,True,True,True,True,True,True,True,True,True,True
Zn2+,False,True,True,True,True,True,True,True,True,True,True,True,True,True,True,True,True,True,True,True,True,True,True,True,True,True,True,True,True,True,True,True,True,True,True,True,True,True,True,True,True,True,True
GSH,False,False,False,False,False,False,False,True,True,True,True,True,True,True,True,True,True,True,True,True,True,True,True,True,True,True,True,False,True,True,True,True,True,True,True,False,True,True,True,False,True,True,True
Sulfate,False,True,True,True,True,True,True,True,True,True,True,True,True,True,True,True,True,True,True,True,True,True,True,True,True,True,True,True,True,True,True,True,True,True,True,True,True,True,True,True,True,True,True
TPP,False,False,False,False,False,False,False,True,True,True,True,True,True,True,True,True,True,True,True,True,True,True,True,True,True,True,True,False,True,True,True,True,True,True,True,False,True,True,True,False,True,True,True
Cu2+,False,True,True,True,True,True,True,True,True,True,True,True,True,True,True,True,True,True,True,True,True,True,True,True,True,True,True,True,True,True,True,True,True,True,True,True,True,True,True,True,True,True,True
Ca2+,False,True,True,True,True,True,True,True,True,True,True,True,True,True,True,True,True,True,True,True,True,True,True,True,True,True,True,True,True,True,True,True,True,True,True,True,True,True,True,True,True,True,True
Tetrahydrofolate,False,False,False,False,False,False,False,True,True,True,True,True,True,True,True,True,True,True,True,True,True,True,True,True,True,True,True,False,True,True,True,True,True,True,True,False,True,True,True,False,True,True,True
Cl-,False,True,True,True,True,True,True,True,True,True,True,True,True,True,True,True,True,True,True,True,True,True,True,True,True,True,True,True,True,True,True,True,True,True,True,True,True,True,True,True,True,True,True
Putrescine,False,False,False,False,False,False,False,True,True,True,True,True,True,True,True,True,True,True,True,True,True,True,True,True,True,True,True,False,True,True,True,True,True,True,True,False,True,True,True,False,True,True,True
Co2+,False,True,True,True,True,True,True,True,True,True,True,True,True,True,True,True,True,True,True,True,True,True,True,True,True,True,True,True,True,True,True,True,True,True,True,True,True,True,True,True,True,True,True
10-Formyltetrahydrofolate,False,False,False,False,False,False,False,True,True,True,True,True,True,True,True,True,True,True,True,True,True,True,True,True,True,True,True,False,True,True,True,True,True,True,True,False,True,True,True,False,True,True,True
K+,False,True,True,True,True,True,True,True,True,True,True,True,True,True,True,True,True,True,True,True,True,True,True,True,True,True,True,True,True,True,True,True,True,True,True,True,True,True,True,True,True,True,True
Riboflavin,False,False,False,False,False,False,False,True,True,True,True,True,True,True,True,True,True,True,True,True,True,True,True,True,True,True,True,False,True,True,True,True,True,True,True,False,True,True,True,False,True,True,True
Mg,False,True,True,True,True,True,True,True,True,True,True,True,True,True,True,True,True,True,True,True,True,True,True,True,True,True,True,True,True,True,True,True,True,True,True,True,True,True,True,True,True,True,True
Spermidine,False,False,False,False,False,False,False,True,True,True,True,True,True,True,True,True,True,True,True,True,True,True,True,True,True,True,True,False,True,True,True,True,True,True,True,False,True,True,True,False,True,True,True
5-Methyltetrahydrofolate,False,False,False,False,False,False,False,True,True,True,True,True,True,True,True,True,True,True,True,True,True,True,True,True,True,True,True,False,True,True,True,True,True,True,True,False,True,True,True,False,True,True,True
Siroheme,False,False,False,False,False,False,False,True,True,True,True,True,True,True,True,True,True,True,True,True,True,True,True,True,True,True,True,False,True,True,True,True,True,True,True,False,True,True,True,False,True,True,True
Bactoprenyl diphosphate,False,False,False,False,False,False,False,True,True,True,True,True,True,True,True,True,True,True,True,True,True,True,True,True,True,True,True,False,True,True,True,True,True,True,True,True,True,True,True,False,True,True,True
Lauroyl-KDO2-lipid IV(A),False,False,False,False,False,False,False,True,True,True,True,True,True,True,True,True,True,True,True,True,True,True,True,True,True,True,True,False,True,True,True,True,True,True,True,False,True,True,True,False,True,True,True
Fe2+,False,False,False,False,False,False,False,True,True,True,True,True,True,True,True,True,True,True,True,True,True,True,True,True,True,True,True,False,True,True,True,True,True,True,True,True,True,True,True,False,True,True,True
fe3,False,True,True,True,True,True,True,True,True,True,True,True,True,True,True,True,True,True,True,True,True,True,True,True,True,True,True,True,True,True,True,True,True,True,True,True,True,True,True,True,True,True,True
dATP,False,False,False,False,False,False,False,True,True,True,True,True,True,True,True,True,True,True,True,True,True,True,True,True,True,True,True,False,True,True,True,True,True,True,True,False,True,True,True,False,True,True,True
dGTP,False,False,False,False,False,False,False,True,True,True,True,True,True,True,True,True,True,True,True,True,True,True,True,True,True,True,True,False,True,True,True,True,True,True,True,False,True,True,True,False,True,True,True
dCTP,False,False,False,False,False,False,False,True,True,True,True,True,True,True,True,True,True,True,True,True,True,True,True,True,True,True,True,False,True,True,True,True,True,True,True,False,True,True,True,False,True,True,True
TTP,False,False,False,False,False,False,False,True,True,True,True,True,True,True,True,True,True,True,True,True,True,True,True,True,True,True,True,False,True,True,True,True,True,True,True,False,True,True,True,False,True,True,True
GTP,False,False,False,False,False,False,False,True,True,True,True,True,True,True,True,True,True,True,True,True,True,True,True,True,True,True,True,False,True,True,True,True,True,True,True,False,True,True,True,False,True,True,True
CTP,False,False,False,False,False,False,False,True,True,True,True,True,True,True,True,True,True,True,True,True,True,True,True,True,True,True,True,False,True,True,True,True,True,True,True,False,True,True,True,False,True,True,True
UTP,False,False,False,False,False,False,False,True,True,True,True,True,True,True,True,True,True,True,True,True,True,True,True,True,True,True,True,False,True,True,True,True,True,True,True,False,True,True,True,False,True,True,True
L-Glutamate,False,False,False,False,False,False,False,True,True,True,True,True,True,True,True,True,True,True,True,True,True,True,True,True,True,True,True,False,True,True,True,True,True,True,True,False,True,True,True,False,True,True,True
Glycine,False,False,False,False,False,False,False,True,True,True,True,True,True,True,True,True,True,True,True,True,True,True,True,True,True,True,True,False,True,True,True,True,True,True,True,False,True,True,True,False,True,True,True
L-Alanine,False,False,False,False,False,False,False,True,True,True,True,True,True,True,True,True,True,True,True,True,True,True,True,True,True,True,True,False,True,True,True,True,True,True,True,False,True,True,True,False,True,True,True
L-Lysine,False,False,False,False,False,False,False,True,True,True,True,True,True,True,True,True,True,True,True,True,True,True,True,True,True,True,True,False,True,True,True,True,True,True,True,False,True,True,True,False,True,True,True
L-Aspartate,False,False,False,False,False,False,False,True,True,True,True,True,True,True,True,True,True,True,True,True,True,True,True,True,True,True,True,False,True,True,True,True,True,True,True,False,True,True,True,False,True,True,True
L-Arginine,False,False,False,False,False,False,False,True,True,True,True,True,True,True,True,True,True,True,True,True,True,True,True,True,True,True,True,False,True,True,True,True,True,True,True,False,True,True,True,False,True,True,True
L-Glutamine,False,False,False,False,False,False,False,True,True,True,True,True,True,True,True,True,True,True,True,True,True,True,True,True,True,True,True,False,True,True,True,True,True,True,True,False,True,True,True,False,True,True,True
L-Serine,False,False,False,False,False,False,False,True,True,True,True,True,True,True,True,True,True,True,True,True,True,True,True,True,True,True,True,False,True,True,True,True,True,True,True,False,True,True,True,False,True,True,True
L-Methionine,False,False,False,False,False,False,False,True,True,True,True,True,True,True,True,True,True,True,True,True,True,True,True,True,True,True,True,False,True,True,True,True,True,True,True,False,True,True,True,False,True,True,True
L-Tryptophan,False,False,False,False,False,False,False,True,True,True,True,True,True,True,True,True,True,True,True,True,True,True,True,True,True,True,True,False,True,True,True,True,True,True,True,False,True,True,True,False,True,True,True
L-Phenylalanine,False,False,False,False,False,False,False,True,True,True,True,True,True,True,True,True,True,True,True,True,True,True,True,True,True,True,True,False,True,True,True,True,True,True,True,False,True,True,True,False,True,True,True
L-Tyrosine,False,False,False,False,False,False,False,True,True,True,True,True,True,True,True,True,True,True,True,True,True,True,True,True,True,True,True,False,True,True,True,True,True,True,True,False,True,True,True,False,True,True,True
L-Cysteine,False,False,False,False,False,False,False,True,True,True,True,True,True,True,True,True,True,True,True,True,True,True,True,True,True,True,True,False,True,True,True,True,True,True,True,False,True,True,True,False,True,True,True
L-Leucine,False,False,False,False,False,False,False,True,True,True,True,True,True,True,True,True,True,True,True,True,True,True,True,True,True,True,True,False,True,True,True,True,True,True,True,False,True,True,True,False,True,True,True
L-Histidine,False,False,False,False,False,False,False,True,True,True,True,True,True,True,True,True,True,True,True,True,True,True,True,True,True,True,True,False,True,True,True,True,True,True,True,False,True,True,True,False,True,True,True
L-Proline,False,False,False,False,False,False,False,True,True,True,True,True,True,True,True,True,True,True,True,True,True,True,True,True,True,True,True,False,True,True,True,True,True,True,True,False,True,True,True,False,True,True,True
L-Asparagine,False,False,False,False,False,False,False,True,True,True,True,True,True,True,True,True,True,True,True,True,True,True,True,True,True,True,True,False,True,True,True,True,True,True,True,False,True,True,True,False,True,True,True
L-Valine,False,False,False,False,False,False,False,True,True,True,True,True,True,True,True,True,True,True,True,True,True,True,True,True,True,True,True,False,True,True,True,True,True,True,True,False,True,True,True,False,True,True,True
L-Threonine,False,False,False,False,False,False,False,True,True,True,True,True,True,True,True,True,True,True,True,True,True,True,True,True,True,True,True,False,True,True,True,True,True,True,True,False,True,True,True,False,True,True,True
L-Isoleucine,False,False,False,False,False,False,False,True,True,True,True,True,True,True,True,True,True,True,True,True,True,True,True,True,True,True,True,False,True,True,True,True,True,True,True,False,True,True,True,False,True,True,True
phosphatidylethanolamine dioctadecanoyl,False,False,False,False,False,False,False,True,True,True,True,True,True,True,True,True,True,True,True,True,True,True,True,True,True,True,True,False,True,True,True,True,True,True,True,False,True,True,True,False,True,True,True
"1,2-dioctadecanoyl-sn-glycero-3-phosphoglycerol",False,False,False,False,False,False,False,True,True,True,True,True,True,True,True,True,True,True,True,True,True,True,True,True,True,True,True,False,True,True,True,True,True,True,True,True,True,True,True,False,True,True,True
Ubiquinone-8,False,False,False,False,False,False,False,True,True,True,True,True,True,True,True,True,True,True,True,True,True,True,True,True,True,True,True,False,True,True,True,True,True,True,True,True,True,True,True,False,True,True,True
