substrate,o2_level,nadph_drain,status,growth_rate,ed_flux,emp_flux,percent_ed_flux,co2_flux,cue,drain_flux,G6PDH (rxn00604),6PGDH / oxPPP (rxn01115),NADP-IDH (rxn01387),Malic enzyme (rxn00161),Transhydrogenase (rxn09295)
Glucose,20,0.0,optimal,0.7502789322950352,0.0,9.999999999999499,0.0,22.641802649713117,0.6226366225047814,0.0,4.999289402177302e-13,0.0,4.540995433998914,0.0,0.0
Glucose,20,0.5,optimal,0.7442373905383123,0.0,9.999999999999998,0.0,22.620529813259513,0.6229911697790081,0.5,0.0,0.0,4.999639516025895,0.0,0.0
Glucose,20,1.0,optimal,0.7381958487815791,0.0,9.999999999999998,0.0,22.599256976805854,0.6233457170532357,1.0,0.0,0.0,5.463112514867451,0.0,0.0
Glucose,20,1.5,optimal,0.7321543070248437,0.0,9.999999999997131,0.0,22.57798414035222,0.623700264327463,1.5,2.8680121453720105e-12,2.8680121453720105e-12,5.763268899851959,0.0,0.0
Glucose,20,2.0,optimal,0.7261127652681494,0.0,10.00000000000431,0.0,22.556711303898773,0.6240548116016871,2.0,-4.309937366230431e-12,-4.309937366230431e-12,5.7157119444701525,0.0,0.0
Glucose,20,2.5,optimal,0.7200712235113839,0.0,9.999999999996112,0.0,22.535438467444937,0.6244093588759176,2.5,3.887319904803495e-12,3.887319904803495e-12,5.668154989082744,0.0,0.0
Glucose,20,3.0,optimal,0.714029681754664,0.0,9.99999999999533,0.0,22.514165630991446,0.6247639061501425,3.0,4.6694763069869045e-12,4.6694763069869045e-12,5.620598033698045,0.0,0.0
Glucose,20,3.5,optimal,0.7079881399979479,0.0,9.999999999996207,0.0,22.492892794538008,0.6251184534243666,3.5,3.791909241882239e-12,3.791909241882239e-12,5.573041078313946,0.0,0.0
Glucose,20,4.0,optimal,0.7019465982412227,0.0,9.999999999991303,0.0,22.47161995808474,0.6254730006985876,4.0,8.695707154625802e-12,8.695707154625802e-12,5.525484122927768,0.0,0.0
Glucose,20,4.5,optimal,0.6959050564844929,0.0,9.999999999993962,0.0,22.450347121630916,0.6258275479728181,4.5,6.036974374509019e-12,6.036974374509019e-12,5.4779271675443075,0.0,0.0
Glucose,20,5.0,optimal,0.6898635147277603,0.0,9.99999999999026,0.0,22.429074285177403,0.6261820952470433,5.0,9.739617296884333e-12,9.739617296884333e-12,5.4303702121585316,0.0,0.0
Glucose,20,5.5,optimal,0.6838219729710492,0.0,9.999999999993863,0.0,22.407801448723852,0.6265366425212691,5.5,6.135746359283053e-12,6.135746359283053e-12,5.382813256775442,0.0,0.0
Glucose,20,6.0,optimal,0.6777804312143151,0.0,9.999999999994426,0.0,22.386528612270062,0.626891189795499,6.0,5.573714940552597e-12,5.573714940552597e-12,5.335256301391205,0.0,0.0
Glucose,20,6.5,optimal,0.671738889457647,0.0,10.000000000007082,0.0,22.36525577581679,0.6272457370697202,6.5,-7.083444365814741e-12,-7.083444365814741e-12,5.287699346011417,0.0,0.0
Glucose,20,7.0,optimal,0.6656973477008865,0.0,9.999999999997858,0.0,22.3439829393631,0.6276002843439483,7.0,2.1403451468199226e-12,2.1403451468199226e-12,5.240142390623626,0.0,0.0
Glucose,20,7.5,optimal,0.6596558059441621,0.0,9.9999999999977,0.0,22.3227101029096,0.6279548316181733,7.5,2.299359193296706e-12,2.299359193296706e-12,5.19258543523917,0.0,0.0
Glucose,20,8.0,optimal,0.653614264187438,0.0,9.999999999998167,0.0,22.301437266455977,0.6283093788924003,8.0,1.8322734684796174e-12,1.8322734684796174e-12,5.1450284798549175,0.0,0.0
Glucose,20,8.5,optimal,0.6475727224307095,0.0,9.999999999996792,0.0,22.280164430002426,0.6286639261666263,8.5,3.207681434025202e-12,3.207681434025202e-12,5.09747152446999,0.0,0.0
Glucose,20,9.0,optimal,0.6415311806739854,0.0,9.99999999999506,0.0,22.25889159354896,0.6290184734408506,9.0,4.9393133119195835e-12,4.9393133119195835e-12,5.049914569084951,0.0,0.0
Glucose,20,9.5,optimal,0.6354896389172694,0.0,10.000000000000709,0.0,22.237618757095177,0.6293730207150804,9.5,-7.105351927855682e-13,-7.105351927855682e-13,5.002357613702556,0.0,0.0
Glucose,20,10.0,optimal,0.6294480971605501,0.0,10.000000000002585,0.0,22.2163459206416,0.6297275679893066,10.0,-2.585125031399816e-12,-2.585125031399816e-12,4.954800658318827,0.0,0.0
Glucose,20,10.5,optimal,0.6234065554038313,0.0,10.000000000000751,0.0,22.19507308418824,0.6300821152635293,10.5,-7.522218122070812e-13,-7.522218122070812e-13,4.907243702933767,0.0,0.0
Glucose,20,11.0,optimal,0.617365013647103,0.0,9.999999999998085,0.0,22.17380024773478,0.6304366625377538,11.0,1.9136495070026083e-12,1.9136495070026083e-12,4.859686747548383,0.0,0.0
Glucose,20,11.5,optimal,0.6113234718903714,0.0,9.999999999996591,0.0,22.152527411281174,0.6307912098119804,11.5,3.4079250701723687e-12,3.4079250701723687e-12,4.812129792163423,0.0,0.0
Glucose,20,12.0,optimal,0.6052819301336644,0.0,9.999999999997796,0.0,22.13125457482784,0.6311457570862027,12.0,2.2041572115891903e-12,2.2041572115891903e-12,4.764572836779456,0.0,0.0
Glucose,20,12.5,optimal,0.5992403883769338,0.0,9.999999999995632,0.0,22.109981738374273,0.6315003043604288,12.5,4.36657116567502e-12,4.36657116567502e-12,4.71701588139425,0.0,0.0
Glucose,20,13.0,optimal,0.5931988466202135,0.0,9.999999999997168,0.0,22.08870890192068,0.6318548516346554,13.0,2.8306103229394656e-12,2.8306103229394656e-12,4.669458926010385,0.0,0.0
Glucose,20,13.5,optimal,0.5871573048634889,0.0,9.999999999998305,0.0,22.067436065467035,0.6322093989088827,13.5,1.693609894588081e-12,1.693609894588081e-12,4.621901970626372,0.0,0.0
Glucose,20,14.0,optimal,0.5811157631067592,0.0,10.000000000001185,0.0,22.04616322901321,0.6325639461831132,14.0,-1.1850118838448784e-12,-1.1850118838448786e-12,4.574345015242995,0.0,0.0
Glucose,20,14.5,optimal,0.5750742213500357,0.0,10.000000000002515,0.0,22.02489039255956,0.6329184934573406,14.5,-2.5167703336697e-12,-2.5167703336697e-12,4.52678805985906,0.0,0.0
Glucose,20,15.0,optimal,0.5690326795932971,0.0,9.999999999996525,0.0,22.003617556106104,0.633273040731565,15.0,3.473621501115287e-12,3.473621501115287e-12,4.479231104472472,0.0,0.0
Glucose,20,15.5,optimal,0.5629911378365868,0.0,10.000000000000568,0.0,21.982344719652545,0.6336275880057909,15.5,-5.685719222315966e-13,-5.685719222315966e-13,4.4316741490895115,0.0,0.0
Glucose,20,16.0,optimal,0.5569495960798697,0.0,10.000000000002748,0.0,21.961071883199033,0.6339821352800161,16.0,-2.747863813776116e-12,-2.747863813776116e-12,4.384117193705886,0.0,0.0
Glucose,20,16.5,optimal,0.5509080543231322,0.0,9.999999999997634,0.0,21.939799046745456,0.6343366825542425,16.5,2.364381597111022e-12,2.3643815971110222e-12,4.336560238319615,0.0,0.0
Glucose,20,17.0,optimal,0.54486651256641,0.0,9.999999999998748,0.0,21.91852621029188,0.6346912298284686,17.0,1.2501834655165623e-12,1.2501834655165623e-12,4.289003282935604,0.0,0.0
Glucose,20,17.5,optimal,0.5388249708096859,0.0,9.999999999996486,0.0,21.897253373838467,0.6350457771026923,17.5,3.51202314049499e-12,3.51202314049499e-12,4.241446327550353,0.0,0.0
Glucose,20,18.0,optimal,0.5327834290529572,0.0,9.999999999996215,0.0,21.87598053738484,0.6354003243769193,18.0,3.7845847880121496e-12,3.7845847880121496e-12,4.193889372165842,0.0,0.0
Glucose,20,18.5,optimal,0.5267418872962377,0.0,9.999999999999082,0.0,21.85470770093119,0.6357548716511469,18.5,9.174312037185874e-13,9.174312037185874e-13,4.146332416782457,0.0,0.0
Glucose,20,19.0,optimal,0.5207003455395273,0.0,10.000000000002483,0.0,21.833434864477674,0.6361094189253721,19.0,-2.4840685130812708e-12,-2.4840685130812708e-12,4.098775461399283,0.0,0.0
Glucose,20,19.5,optimal,0.5146588037828022,0.0,9.99999999999398,0.0,21.812162028024616,0.6364639661995897,19.5,6.017530593855846e-12,6.017530593855846e-12,4.051218506011822,0.0,0.0
Glucose,20,20.0,optimal,0.5086172620260685,0.0,9.9999999999976,0.0,21.79088919157063,0.6368185134738228,20.0,2.398680782300592e-12,2.398680782300592e-12,4.0036615506286655,0.0,0.0
Glucose,1000,0.0,optimal,0.8060395838134573,0.0,9.999999999999998,0.0,25.355288427770365,0.5774118595371606,0.0,0.0,0.0,5.616086385884091,0.0,0.0
Glucose,1000,0.5,optimal,0.803063657418556,0.0,10.000000000000048,0.0,25.483197917182572,0.5752800347136238,0.5,-4.920124641147669e-14,0.0,5.669192299099605,0.0,0.0
Glucose,1000,1.0,optimal,0.8000877310236557,0.0,9.999999999998593,0.0,25.611107406594847,0.5731482098900859,1.0,1.4052996404360603e-12,0.0,5.837309192697956,0.0,0.0
Glucose,1000,1.5,optimal,0.7971118046287525,0.0,9.999999999998543,0.0,25.7390168960069,0.5710163850665517,1.5,1.455614472179333e-12,0.0,6.319316820675821,0.0,0.0
Glucose,1000,2.0,optimal,0.7941358782338516,0.0,9.999999999996847,0.0,25.866926385419195,0.5688845602430135,2.0,3.151953418462371e-12,0.0,6.801324448652115,0.0,0.0
Glucose,1000,2.5,optimal,0.7911599518389268,0.0,9.999999999989898,0.0,25.994835874831683,0.5667527354194719,2.5,1.0101472464626115e-11,0.0,7.587046079424869,0.0,0.0
Glucose,1000,3.0,optimal,0.7881840254440458,0.0,9.999999999997767,0.0,26.12274536424318,0.564620910595947,3.0,2.231309100290148e-12,0.0,7.878053385531618,0.0,0.0
Glucose,1000,3.5,optimal,0.7852080990491381,0.0,9.999999999990994,0.0,26.250654853655945,0.562489085772401,3.5,9.004447101642233e-12,9.004447101642233e-12,7.923821911309124,0.0,0.0
Glucose,1000,4.0,optimal,0.782232172654228,0.0,9.999999999988727,0.0,26.378564343068135,0.5603572609488644,4.0,1.1271850900081134e-11,1.1271850900081134e-11,7.969590437087983,0.0,0.0
Glucose,1000,4.5,optimal,0.7792562462593282,0.0,9.999999999988606,0.0,26.506473832480264,0.5582254361253289,4.5,1.1392389225916742e-11,1.1392389225916742e-11,8.015358962867502,0.0,0.0
Glucose,1000,5.0,optimal,0.7762803198644502,0.0,10.000000000001055,0.0,26.634383321891246,0.5560936113018126,5.0,-1.0551052347769895e-12,-1.0551052347769895e-12,8.06112748865082,0.0,0.0
Glucose,1000,5.5,optimal,0.773304393469551,0.0,9.999999999999966,0.0,26.762292811303475,0.5539617864782754,5.5,3.255369575750228e-14,3.255369575750228e-14,8.106896014430053,0.0,0.0
Glucose,1000,6.0,optimal,0.7703284670746504,0.0,10.000000000000853,0.0,26.890202300715472,0.5518299616547422,6.0,-8.530628443029279e-13,-8.530628443029279e-13,8.152664540209873,0.0,0.0
Glucose,1000,6.5,optimal,0.7673525406797244,0.0,9.99999999998426,0.0,27.018111790129144,0.549698136831181,6.5,1.573988533472584e-11,1.573988533472584e-11,8.198433065984423,0.0,0.0
Glucose,1000,7.0,optimal,0.7643766142848339,0.0,9.99999999999185,0.0,27.14602127954047,0.5475663120076588,7.0,8.148813371333656e-12,8.148813371333656e-12,8.244201591766261,0.0,0.0
Glucose,1000,7.5,optimal,0.7614006878899328,0.0,9.999999999991354,0.0,27.273930768952614,0.5454344871841231,7.5,8.64457022581904e-12,8.64457022581904e-12,8.289970117545662,0.0,0.0
Glucose,1000,8.0,optimal,0.7584247614950331,0.0,9.999999999992935,0.0,27.401840258364512,0.5433026623605914,8.0,7.063807508145818e-12,7.063807508145818e-12,8.335738643325692,0.0,0.0
Glucose,1000,8.5,optimal,0.7554488351001577,0.0,10.00000000000723,0.0,27.52974974777534,0.5411708375370776,8.5,-7.229732457596407e-12,-7.229732457596407e-12,8.38150716910957,0.0,0.0
Glucose,1000,9.0,optimal,0.7524729087052607,0.0,10.000000000006695,0.0,27.65765923718757,0.5390390127135405,9.0,-6.695746683861258e-12,-6.695746683861258e-12,8.427275694888968,0.0,0.0
Glucose,1000,9.5,optimal,0.7494969823103625,0.0,10.000000000009436,0.0,27.785568726599358,0.5369071878900107,9.5,-9.436082252121748e-12,-9.436082252121746e-12,8.473044220669351,0.0,0.0
Glucose,1000,10.0,optimal,0.7465210559154518,0.0,10.00000000000391,0.0,27.913478216011868,0.5347753630664689,10.0,-3.909924292732013e-12,-3.909924292732013e-12,8.518812746447225,0.0,0.0
Glucose,1000,10.5,optimal,0.7435451295205512,0.0,10.000000000002023,0.0,28.041387705424274,0.5326435382429288,10.5,-2.0240549612867277e-12,-2.0240549612867277e-12,8.564581272226228,0.0,0.0
Glucose,1000,11.0,optimal,0.7405692031256506,0.0,10.000000000002757,0.0,28.169297194836272,0.5305117134193955,11.0,-2.7572599352667487e-12,-2.7572599352667487e-12,8.610349798006007,0.0,0.0
Glucose,1000,11.5,optimal,0.737593276730747,0.0,10.000000000001286,0.0,28.297206684248494,0.5283798885958584,11.5,-1.2885945855998424e-12,-1.2885945855998424e-12,8.656118323785112,0.0,0.0
Glucose,1000,12.0,optimal,0.734617350335853,0.0,10.00000000000994,0.0,28.425116173659593,0.5262480637723401,12.0,-9.94163950137409e-12,-9.94163950137409e-12,8.701886849567263,0.0,0.0
Glucose,1000,12.5,optimal,0.731641423940951,0.0,10.000000000009935,0.0,28.553025663071708,0.5241162389488049,12.5,-9.936039174572694e-12,-9.936039174572694e-12,8.747655375346818,0.0,0.0
Glucose,1000,13.0,optimal,0.7286654975460519,0.0,10.000000000010663,0.0,28.680935152483713,0.5219844141252714,13.0,-1.066355392772122e-11,-1.066355392772122e-11,8.793423901126587,0.0,0.0
Glucose,1000,13.5,optimal,0.7256895711511445,0.0,10.000000000002187,0.0,28.80884464189668,0.5198525893017221,13.5,-2.187186544883249e-12,-2.187186544883249e-12,8.839192426903596,0.0,0.0
Glucose,1000,14.0,optimal,0.722713644756241,0.0,10.000000000001872,0.0,28.93675413130877,0.5177207644781872,14.0,-1.8735413485214555e-12,-1.8735413485214555e-12,8.884960952683054,0.0,0.0
Glucose,1000,14.5,optimal,0.7197377183613386,0.0,10.000000000002204,0.0,29.064663620720804,0.5155889396546532,14.5,-2.204376796687773e-12,-2.204376796687773e-12,8.930729478462707,0.0,0.0
Glucose,1000,15.0,optimal,0.7167617919664363,0.0,9.999999999995573,0.0,29.192573110133672,0.5134571148311055,15.0,4.426152960108309e-12,4.426152960108309e-12,8.976498004240272,0.0,0.0
Glucose,1000,15.5,optimal,0.7137858655715394,0.0,10.000000000000284,0.0,29.32048259954524,0.5113252900075793,15.5,-2.844000803676494e-13,-2.844000803676494e-13,9.022266530021248,0.0,0.0
Glucose,1000,16.0,optimal,0.7108099391766268,0.0,9.999999999994044,0.0,29.44839208895788,0.5091934651840353,16.0,5.9550018409722354e-12,5.9550018409722354e-12,9.068035055798912,0.0,0.0
Glucose,1000,16.5,optimal,0.7078340127817304,0.0,9.999999999991662,0.0,29.57630157837036,0.507061640360494,16.5,8.33778889668895e-12,8.33778889668895e-12,9.11380358157775,0.0,0.0
Glucose,1000,17.0,optimal,0.7048580863868293,0.0,9.999999999993387,0.0,29.70421106778223,0.5049298155369628,17.0,6.6117234467799636e-12,6.6117234467799636e-12,9.159572107357835,0.0,0.0
Glucose,1000,17.5,optimal,0.7018821599919243,0.0,9.999999999988884,0.0,29.832120557194806,0.5027979907134199,17.5,1.11152841168343e-11,1.11152841168343e-11,9.205340633136029,0.0,0.0
Glucose,1000,18.0,optimal,0.6989062335970236,0.0,9.999999999997483,0.0,29.960030046605834,0.5006661658899028,18.0,2.516197896271081e-12,2.516197896271081e-12,9.251109158918172,0.0,0.0
Glucose,1000,18.5,optimal,0.6959303072021269,0.0,9.999999999999288,0.0,30.08793953601776,0.4985343410663706,18.5,7.111036919394781e-13,7.111036919394781e-13,9.296877684698275,0.0,0.0
Glucose,1000,19.0,optimal,0.6929543808072451,0.0,10.000000000006601,0.0,30.215849025429254,0.4964025162428458,19.0,-6.602076994562516e-12,-6.602076994562516e-12,9.342646210480034,0.0,0.0
Glucose,1000,19.5,optimal,0.6899784544123541,0.0,10.000000000008104,0.0,30.343758514841383,0.49427069141931024,19.5,-8.103737026885104e-12,-8.103737026885104e-12,9.388414736260062,0.0,0.0
Glucose,1000,20.0,optimal,0.6870025280174562,0.0,10.000000000009164,0.0,30.471668004253374,0.4921388665957771,20.0,-9.165070359650757e-12,-9.165070359650757e-12,9.434183262039934,0.0,0.0
Galacturonic Acid,20,0.0,optimal,0.6453068799167414,0.0,0.0,,32.26380542687475,0.4622699095520876,0.0,0.0,0.0,8.48438885420142,0.0,0.0
Galacturonic Acid,20,0.5,optimal,0.639487908848501,0.0,0.0,,32.251697041376204,0.46247171597706327,0.5,0.0,0.0,8.457121422886553,0.0,0.0
Galacturonic Acid,20,1.0,optimal,0.6334844549539413,0.0,0.0,,32.23055831586558,0.462824028068907,1.0,0.0,0.0,8.424666283730724,0.0,0.0
Galacturonic Acid,20,1.5,optimal,0.6274810010593781,0.0,0.0,,32.20941959035483,0.46317634016075293,1.5,0.0,0.0,8.39221114457453,0.0,0.0
Galacturonic Acid,20,2.0,optimal,0.6214775471648193,0.0,0.0,,32.18828086484472,0.463528652252588,2.0,0.0,0.0,8.359756005419632,0.0,0.0
Galacturonic Acid,20,2.5,optimal,0.6154740932702584,0.0,0.0,,32.16714213933414,0.46388096434443105,2.5,0.0,0.0,8.327300866263455,0.0,0.0
Galacturonic Acid,20,3.0,optimal,0.6094706393757253,0.0,0.0,,32.14600341382475,0.4642332764362541,3.0,0.0,0.0,8.294845727109127,0.0,0.0
Galacturonic Acid,20,3.5,optimal,0.6034671854811361,0.0,0.0,,32.124864688312975,0.46458558852811704,3.5,0.0,0.0,8.26239058795124,0.0,0.0
Galacturonic Acid,20,4.0,optimal,0.597463731586548,0.0,0.0,,32.103725962788594,0.46493790062019014,4.0,0.0,0.0,8.229935448802095,0.0,0.0
Galacturonic Acid,20,4.5,optimal,0.5914602776919957,0.0,0.0,,32.082587237292046,0.46529021271179927,4.5,0.0,0.0,8.197480309639298,0.0,0.0
Galacturonic Acid,20,5.0,optimal,0.5854568237974469,0.0,0.0,,32.061448511782054,0.46564252480363244,5.0,0.0,0.0,8.165025170483274,0.0,0.0
Galacturonic Acid,20,5.5,optimal,0.5794533699028874,0.0,0.0,,32.040309786271045,0.4659948368954826,5.5,0.0,0.0,8.346924213377283,0.0,0.0
Galacturonic Acid,20,6.0,optimal,0.573449916007613,0.0,0.0,,32.01917106075818,0.4663471489873636,6.0,0.0,0.0,8.817428520790473,0.0,0.0
Galacturonic Acid,20,6.5,optimal,0.5674464621129736,0.0,0.0,,31.9980323352474,0.46669946107921,6.5,0.0,0.0,9.287932828526486,0.0,0.0
Galacturonic Acid,20,7.0,optimal,0.5614430082192348,0.0,0.0,,31.97689360973998,0.46705177317100033,7.0,0.0,0.0,9.419487800950568,0.0,0.0
Galacturonic Acid,20,7.5,optimal,0.5554395543247158,0.0,0.0,,31.955754884224895,0.46740408526291843,7.5,0.0,0.0,9.372230660224362,0.0,0.0
Galacturonic Acid,20,8.0,optimal,0.5494361004300933,0.0,0.0,,31.934616158718814,0.46775639735468644,8.0,0.0,0.0,9.32497351949294,0.0,0.0
Galacturonic Acid,20,8.5,optimal,0.5434326465355328,0.0,0.0,,31.913477433208264,0.46810870944652894,8.5,0.0,0.0,9.277716378764243,0.0,0.0
Galacturonic Acid,20,9.0,optimal,0.5374291926409746,0.0,0.0,,31.89233870769785,0.4684610215383692,9.0,0.0,0.0,9.230459238035495,0.0,0.0
Galacturonic Acid,20,9.5,optimal,0.5314257387464143,0.0,0.0,,31.87119998218716,0.46881333363021394,9.5,0.0,0.0,9.18320209730686,0.0,0.0
Galacturonic Acid,20,10.0,optimal,0.5254222848518538,0.0,0.0,,31.850061256676863,0.4691656457220523,10.0,0.0,0.0,9.135944956578042,0.0,0.0
Galacturonic Acid,20,10.5,optimal,0.5194188309573049,0.0,0.0,,31.828922531166466,0.4695179578138923,10.5,0.0,0.0,9.088687815849447,0.0,0.0
Galacturonic Acid,20,11.0,optimal,0.5134153770627284,0.0,0.0,,31.807783805658516,0.46987026990569136,11.0,0.0,0.0,9.041430675119265,0.0,0.0
Galacturonic Acid,20,11.5,optimal,0.5074119231681984,0.0,0.0,,31.78664508014349,0.47022258199760847,11.5,0.0,0.0,8.994173534393134,0.0,0.0
Galacturonic Acid,20,12.0,optimal,0.5014084692736414,0.0,0.0,,31.765506354640866,0.47057489408931885,12.0,0.0,0.0,8.94691639366049,0.0,0.0
Galacturonic Acid,20,12.5,optimal,0.49540501537908177,0.0,0.0,,31.74436762912682,0.47092720618121964,12.5,0.0,0.0,8.899659252933553,0.0,0.0
Galacturonic Acid,20,13.0,optimal,0.4894015614845165,0.0,0.0,,31.723228903619194,0.4712795182730134,13.0,0.0,0.0,8.852402112203341,0.0,0.0
Galacturonic Acid,20,13.5,optimal,0.48339810758996465,0.0,0.0,,31.702090178109145,0.47163183036484757,13.5,0.0,0.0,8.805144971474475,0.0,0.0
Galacturonic Acid,20,14.0,optimal,0.477394653695384,0.0,0.0,,31.680951452584143,0.471984142456931,14.0,0.0,0.0,8.757887830752825,0.0,0.0
Galacturonic Acid,20,14.5,optimal,0.4713911998008379,0.0,0.0,,31.65981272708873,0.47233645454852113,14.5,0.0,0.0,8.710630690016684,0.0,0.0
Galacturonic Acid,20,15.0,optimal,0.4653877459062788,0.0,0.0,,31.638674001571317,0.4726887666404781,15.0,0.0,0.0,8.663373549291437,0.0,0.0
Galacturonic Acid,20,15.5,optimal,0.4593842920117192,0.0,0.0,,31.6175352760615,0.4730410787323084,15.5,0.0,0.0,8.616116408562378,0.0,0.0
Galacturonic Acid,20,16.0,optimal,0.45338083811716606,0.0,0.0,,31.59639655056198,0.47339339082396703,16.0,0.0,0.0,8.568859267828227,0.0,0.0
Galacturonic Acid,20,16.5,optimal,0.4473773842226076,0.0,0.0,,31.575257825048112,0.4737457029158648,16.5,0.0,0.0,8.52160212710122,0.0,0.0
Galacturonic Acid,20,17.0,optimal,0.4413739303280379,0.0,0.0,,31.554119099530496,0.4740980150078251,17.0,0.0,0.0,8.47434498637597,0.0,0.0
Galacturonic Acid,20,17.5,optimal,0.4353704764334828,0.0,0.0,,31.532980374022806,0.4744503270996199,17.5,0.0,0.0,8.427087845645884,0.0,0.0
Galacturonic Acid,20,18.0,optimal,0.4293670225389288,0.0,0.0,,31.51184164851376,0.4748026391914374,18.0,0.0,0.0,8.379830704916499,0.0,0.0
Galacturonic Acid,20,18.5,optimal,0.4233635686443642,0.0,0.0,,31.490702923001713,0.47515495128330476,18.5,0.0,0.0,8.332573564188516,0.0,0.0
Galacturonic Acid,20,19.0,optimal,0.41736011474981155,0.0,0.0,,31.469564197496922,0.47550726337505134,19.0,0.0,0.0,8.28531642345701,0.0,0.0
Galacturonic Acid,20,19.5,optimal,0.41135666085523814,0.0,0.0,,31.44842547198034,0.4758595754669943,19.5,0.0,0.0,8.238059282731204,0.0,0.0
Galacturonic Acid,20,20.0,optimal,0.40535320696067983,0.0,0.0,,31.427286746472564,0.4762118875587906,20.0,0.0,0.0,8.190802142001127,0.0,0.0
Galacturonic Acid,1000,0.0,optimal,0.6453068799167464,0.0,0.0,,32.26380542687473,0.4622699095520878,0.0,0.0,0.0,8.484388854201391,0.0,0.0
Galacturonic Acid,1000,0.5,optimal,0.642340224529116,0.0,0.0,,32.39131643539345,0.4601447260767758,0.5,0.0,0.0,8.537329324713374,0.0,0.0
Galacturonic Acid,1000,1.0,optimal,0.6393735691414885,0.0,0.0,,32.51882744391307,0.45801954260144884,1.0,0.0,0.0,8.590269795225579,0.0,0.0
Galacturonic Acid,1000,1.5,optimal,0.6364069137538619,0.0,0.0,,32.64633845243212,0.4558943591261314,1.5,0.0,0.0,8.643210265737627,0.0,0.0
Galacturonic Acid,1000,2.0,optimal,0.6334402583662335,0.0,0.0,,32.77384946095162,0.45376917565080643,2.0,0.0,0.0,8.69615073624981,0.0,0.0
Galacturonic Acid,1000,2.5,optimal,0.630473602978606,0.0,0.0,,32.901360469470966,0.4516439921754839,2.5,0.0,0.0,8.749091206761944,0.0,0.0
Galacturonic Acid,1000,3.0,optimal,0.6275069475910079,0.0,0.0,,33.02887147798956,0.449518808700174,3.0,0.0,0.0,8.802031677273703,0.0,0.0
Galacturonic Acid,1000,3.5,optimal,0.6245402922033477,0.0,0.0,,33.15638248651049,0.4473936252248252,3.5,0.0,0.0,8.85497214778647,0.0,0.0
Galacturonic Acid,1000,4.0,optimal,0.6215736368156053,0.0,0.0,,33.283893495033986,0.4452684417494336,4.0,0.0,0.0,8.90791261830043,0.0,0.0
Galacturonic Acid,1000,4.5,optimal,0.6186069814280368,0.0,0.0,,33.411404503551104,0.44314325827414824,4.5,0.0,0.0,8.96085308881158,0.0,0.0
Galacturonic Acid,1000,5.0,optimal,0.6156403260411754,0.0,0.0,,33.538915512037,0.4410180747993834,5.0,0.0,0.0,9.013793559309928,0.0,0.0
Galacturonic Acid,1000,5.5,optimal,0.6126736706535483,0.0,0.0,,33.66642652055636,0.43889289132406073,5.5,0.0,0.0,9.066734029822063,0.0,0.0
Galacturonic Acid,1000,6.0,optimal,0.6097070152632819,0.0,0.0,,33.793937529189265,0.4367677078468456,6.0,0.0,0.0,9.119674500381324,0.0,0.0
Galacturonic Acid,1000,6.5,optimal,0.6067403598753046,0.0,0.0,,33.92144853772353,0.4346425243712745,6.5,0.0,0.0,9.48098848009504,0.0,0.0
Galacturonic Acid,1000,7.0,optimal,0.6037737044899635,0.0,0.0,,34.04895954614537,0.4325173408975772,7.0,0.0,0.0,10.714208386901367,0.0,0.0
Galacturonic Acid,1000,7.5,optimal,0.600807049102472,0.0,0.0,,34.17647055465868,0.43039215742235537,7.5,0.0,0.0,10.451837411919481,0.0,0.0
Galacturonic Acid,1000,8.0,optimal,0.5978403937146972,0.0,0.0,,34.30398156318438,0.42826697394692703,8.0,0.0,0.0,10.805460269891869,0.0,0.0
Galacturonic Acid,1000,8.5,optimal,0.5948737383270704,0.0,0.0,,34.43149257170378,0.4261417904716037,8.5,0.0,0.0,10.851086211387067,0.0,0.0
Galacturonic Acid,1000,9.0,optimal,0.5919070829394424,0.0,0.0,,34.55900358022311,0.4240166069962814,9.0,0.0,0.0,10.896712152882241,0.0,0.0
Galacturonic Acid,1000,9.5,optimal,0.5889404275518152,0.0,0.0,,34.68651458874245,0.4218914235209592,9.5,0.0,0.0,10.94233809437742,0.0,0.0
Galacturonic Acid,1000,10.0,optimal,0.5859737721641871,0.0,0.0,,34.81402559726178,0.419766240045637,10.0,0.0,0.0,10.987964035872597,0.0,0.0
Galacturonic Acid,1000,10.5,optimal,0.5830071167765717,0.0,0.0,,34.941536605780655,0.41764105657032247,10.5,0.0,0.0,11.033589977367603,0.0,0.0
Galacturonic Acid,1000,11.0,optimal,0.5800404613889438,0.0,0.0,,35.069047614300004,0.41551587309499993,11.0,0.0,0.0,11.079215918862777,0.0,0.0
Galacturonic Acid,1000,11.5,optimal,0.5770738060013162,0.0,0.0,,35.19655862281948,0.4133906896196753,11.5,0.0,0.0,11.124841860358003,0.0,0.0
Galacturonic Acid,1000,12.0,optimal,0.5741071506137045,0.0,0.0,,35.32406963133696,0.41126550614438395,12.0,0.0,0.0,11.170467801852624,0.0,0.0
Galacturonic Acid,1000,12.5,optimal,0.5711404952260788,0.0,0.0,,35.45158063985662,0.4091403226690563,12.5,0.0,0.0,11.216093743347885,0.0,0.0
Galacturonic Acid,1000,13.0,optimal,0.5681738398384533,0.0,0.0,,35.57909164837581,0.40701513919373655,13.0,0.0,0.0,11.261719684843015,0.0,0.0
Galacturonic Acid,1000,13.5,optimal,0.5652071844508242,0.0,0.0,,35.70660265689514,0.40488995571841424,13.5,0.0,0.0,11.3073456263382,0.0,0.0
Galacturonic Acid,1000,14.0,optimal,0.5622405290631929,0.0,0.0,,35.83411366541506,0.4027647722430824,14.0,0.0,0.0,11.352971567833551,0.0,0.0
Galacturonic Acid,1000,14.5,optimal,0.559273873675567,0.0,0.0,,35.96162467393412,0.40063958876776473,14.5,0.0,0.0,11.398597509328646,0.0,0.0
Galacturonic Acid,1000,15.0,optimal,0.5563072182879409,0.0,0.0,,36.089135682453815,0.3985144052924364,15.0,0.0,0.0,11.444223450823914,0.0,0.0
Galacturonic Acid,1000,15.5,optimal,0.5533405629003101,0.0,0.0,,36.21664669097335,0.3963892218171109,15.5,0.0,0.0,11.489849392319154,0.0,0.0
Galacturonic Acid,1000,16.0,optimal,0.5503739075126861,0.0,0.0,,36.344157699492285,0.39426403834179524,16.0,0.0,0.0,11.535475333814215,0.0,0.0
Galacturonic Acid,1000,16.5,optimal,0.5474072521250604,0.0,0.0,,36.47166870801201,0.3921388548664665,16.5,0.0,0.0,11.581101275309496,0.0,0.0
Galacturonic Acid,1000,17.0,optimal,0.5444405967374297,0.0,0.0,,36.599179716530834,0.3900136713911527,17.0,0.0,0.0,11.626727216804547,0.0,0.0
Galacturonic Acid,1000,17.5,optimal,0.541473941349798,0.0,0.0,,36.72669072505094,0.38788848791581765,17.5,0.0,0.0,11.672353158299948,0.0,0.0
Galacturonic Acid,1000,18.0,optimal,0.538507285962173,0.0,0.0,,36.854201733569525,0.3857633044405079,18.0,0.0,0.0,11.71797909979491,0.0,0.0
Galacturonic Acid,1000,18.5,optimal,0.5355406305745469,0.0,0.0,,36.98171274208898,0.3836381209651837,18.5,0.0,0.0,11.763605041290136,0.0,0.0
Galacturonic Acid,1000,19.0,optimal,0.5325739751869196,0.0,0.0,,37.10922375060809,0.38151293748986526,19.0,0.0,0.0,11.80923098278525,0.0,0.0
Galacturonic Acid,1000,19.5,optimal,0.5296073197992948,0.0,0.0,,37.2367347591271,0.3793877540145483,19.5,0.0,0.0,11.854856924280332,0.0,0.0
Galacturonic Acid,1000,20.0,optimal,0.5266406644116685,0.0,0.0,,37.36424576764696,0.3772625705392173,20.0,0.0,0.0,11.900482865775642,0.0,0.0
