ids,glutamic acid,alanine,valine,aspartate,isoleucine,leucine,glycine,proline,cocktail,reaction_name,reaction_string
rxn00623_c0,0.0,4.826709488968075e-32,0.0,0.0,-2.298357323742777e-30,-3.0289443699882897e-32,2.2796848375423128e-31,1.5139373814987502e-30,0.0,hydrogen-sulfide:NADP+ oxidoreductase [c0],3.0 NADPH + 3.0 H+ + Sulfite --> 3.0 H2O + 3.0 NADP + Bisulfide (HS-)
rxn05465_c0,5.778308261722615e-18,2.1449249928954513e-15,2.783240784219304e-16,-4.66072461518475e-17,-1.4528082463679145e-15,1.7609319481165542e-17,1.646642091314454e-16,1.801786453863491e-17,-4.5695454133981017e-17,Malonyl-CoA:[acyl-carrier-protein] S-malonyltransferase [c0],Malonyl-CoA + ACP <=> CoA + Malonyl-ACP
rxn14334_c0,1.2390274616760934e-15,1.7954115639295195e-15,2.5657559617379546e-17,-4.5365090768934446e-17,-1.566201827758504e-15,1.5390324033776838e-16,8.956719333938119e-17,-4.985535651535747e-16,4.117812269414012e-15,"ditrans,tricis-hexaprenyl-diphosphate:isopentenyl-diphosphate hexaprenylcistransferase [c0]","Isopentenyldiphosphate + ditrans,tricis-Hexaprenyl diphosphate --> PPi + H+ + ditrans,tetracis-Heptaprenyl diphosphate"
rxn02835_c0,0.0,0.0,0.0,0.0,0.0,0.0,0.0,0.0,0.0,"1-(5-phospho-D-ribosyl)-AMP 1,6-hydrolase [c0]",H2O + Phosphoribosyl-AMP <=> phosphoribosylformiminoaicar-phosphate
rxn06723_c0,-3.7491945505130735e-16,1.5362103319892953e-15,-2.3412476834358538e-17,-3.72081959971947e-16,1.1721391237989949e-15,3.495174765584326e-16,1.6890510696442593e-15,9.137929872039252e-16,1.9274445364292146e-17,(3R)-3-hydroxymyristoyl-[acyl-carrier protein]:UDP-3-O-[(3R)-3-hydroxymyristoyl]-alpha-D-glucosamine N-acetyltransferase [c0],"UDP-3-O-(3-hydroxytetradecanoyl)-D-glucosamine + (3R)-3-Hydroxytetradecanoyl-ACP --> H+ + UDP-2,3-bis(3-hydroxytetradecanoyl)glucosamine + ACP"
rxn03439_c0,-1.3702960614929584e-16,2.6028827435382965e-15,-1.1992534789901571e-16,6.288235656327703e-16,-1.0043199020561982e-15,7.820631770314643e-17,-1.135140770256027e-16,-1.033933788877496e-15,-8.620811183382046e-17,CMP-3-deoxy-D-manno-oct-2-ulosonate:(KDO)-lipid IVA 3-deoxy-D-manno-oct-2-ulosonate transferase [c0],CMP-KDO + KDO-lipid IV(A) <=> CMP + H+ + kdo2-lipid iva
rxn00791_c0,0.0,0.0,0.0,0.0,0.0,0.0,0.0,0.0,0.0,N-(5-Phospho-D-ribosyl)anthranilate:pyrophosphate phosphoribosyl-transferase [c0],Anthranilate + PRPP --> PPi + H+ + N-5-phosphoribosyl-anthranilate
rxn00392_c0,-1.0924178361550104e-15,4.348123227246934e-16,-1.1992534789901571e-16,3.914644802609503e-16,3.4665919100205283e-16,-8.995242084601152e-17,-9.985838179539605e-16,2.429520825523872e-16,2.052868230769798e-16,ATP:riboflavin 5'-phosphotransferase [c0],ATP + Riboflavin <=> ADP + FMN + H+
rxn05114_c0,5.156148855951659e-14,8.835447669240587e-15,-6.484823653628761e-15,1.577564823361922e-14,-4.156779417266003e-13,-5.0533009032653876e-14,1.7181335210216845e-13,7.187835945623545e-14,1.4019925289552483e-14,5-amino-1-(5-phospho-D-ribosyl)imidazole:carbon-dioxide ligase (ADP-forming) [c0],ATP + H2CO3 + AIR --> ADP + Phosphate + H+ + 5-phosphoribosyl-5-carboxyaminoimidazole
rxn05462_c0,2.4807673418468896e-16,1.7954115639295195e-15,1.9415055663093152e-16,6.831481845945555e-16,-1.1224017987217928e-15,4.885918293274003e-16,1.3626069727727826e-15,-5.928599904395199e-16,1.0274013547210958e-16,trans-Octodec-2-enoyl-ACP hydro-lyase [c0],(3R)-3-Hydroxyoctadecanoyl-ACP <=> H2O + (2E)-Octadecenoyl-ACP
rxn23042_c0,-1.4479176534261577e-15,2.783372435573767e-16,2.3395262399022615e-16,4.787798539080264e-17,5.388023483621539e-16,1.3201321430682928e-17,-5.455331882092991e-16,-1.6610521865081834e-16,0.0,thiamine-phosphate diphosphorylase [c0],H+ + 4-Amino-2-methyl-5-diphosphomethylpyrimidine + 2-(2-Carboxy-4-methylthiazol-5-yl)ethyl phosphate --> CO2 + PPi + Thiamine phosphate
rxn43581_c0,-7.22635393509985e-16,2.783372435573767e-16,5.736993100821507e-16,-8.469634115455717e-17,-6.748048045295264e-16,0.0,2.3500844505912516e-16,-1.1674204496787514e-16,1.7189504958037402e-15,[c0],H2O + 1-Hydroxy-2-methyl-2-butenyl 4-diphosphate + Oxidized flavodoxin <=> 2.0 H+ + 2-C-methyl-D-erythritol2-4-cyclodiphosphate + Reduced flavodoxin
rxn03175_c0,-2.561509150126989e-16,1.9173701517478555e-16,5.403660581898423e-16,2.286863130940945e-16,-8.07372371072548e-17,-3.277723846218198e-16,1.4313407634072514e-16,-4.143152603013239e-16,1.7555856072008234e-16,N-(5'-Phospho-D-ribosylformimino)-5-amino-1- (5''-phospho-D-ribosyl)-4-imidazolecarboxamide ketol-isomerase [c0],H+ + phosphoribosylformiminoaicar-phosphate <=> phosphoribulosylformimino-AICAR-phosphate
rxn05330_c0,-6.630110389833488e-17,3.655736071639574e-16,8.079579806446201e-16,-2.134964689464044e-17,-3.5881006550909414e-16,2.570845993414408e-17,2.727776594436271e-16,-3.9568272515493343e-17,5.538262463235589e-17,(3R)-3-Hydroxybutanoyl-[acyl-carrier-protein] hydro-lyase [c0],(3R)-3-Hydroxyhexanoyl-ACP <=> H2O + (2E)-Hexenoyl-ACP
rxn01513_c0,-1.8059767698181767e-16,7.37885201463495e-16,4.933245293386792e-16,-2.3199616508536765e-15,-7.482941211575025e-16,-1.0587299018387117e-15,-6.319758602184794e-17,1.9845770672063313e-15,-2.047867196014496e-16,ATP:dTMP phosphotransferase [c0],ATP + H+ + dTMP <=> ADP + dTDP
rxn03910_c0,-7.753542325077845e-16,6.437049128576882e-16,-4.958096374042305e-16,-4.643576506323476e-16,4.718018227110832e-16,2.849916876309724e-16,3.206042951243559e-16,2.8554957688435287e-15,1.4723504317788978e-16,2-Phospho-4-(cytidine 5'-diphospho)-2-C-methyl-D-erythritol CMP-lyase (cyclizing) [c0],2-phospho-4--cytidine5-diphospho-2-C-methyl-D-erythritol <=> CMP + 2-C-methyl-D-erythritol2-4-cyclodiphosphate
rxn02474_c0,-4.243557260059628e-16,-9.765351470522175e-17,3.905953939253057e-17,1.2263533406924521e-15,-8.17844169833138e-16,-1.5210636247359008e-16,-5.63378627283179e-17,8.579545943812894e-16,1.4891138520144517e-15,5-amino-6-(5-phosphoribitylamino)uracil:NADP+ 1'-oxidoreductase [c0],NADP + 5-Amino-6--5-phosphoribitylaminouracil <=> NADPH + H+ + 5-Amino-6--5-phosphoribosylaminouracil
rxn05342_c0,-4.849779725782431e-16,-9.765351470522175e-17,1.6081735601268022e-16,-2.9181514350529477e-16,-4.2999880055220086e-16,-2.6501718351602014e-16,3.1506614788319497e-16,4.8637789823229955e-15,-4.69036503871405e-17,(3R)-3-Hydroxytetradecanoyl-[acyl-carrier-protein]:NADP+ oxidoreductase [c0],NADP + (3R)-3-Hydroxytetradecanoyl-ACP <=> NADPH + H+ + 3-Oxotetradecanoyl-ACP
rxn02507_c0,3.534770181705543e-16,-8.237842515938964e-17,3.1072823881219073e-16,7.732933873707903e-16,-6.218712918086168e-16,-7.016907462934536e-16,-1.5633583200870734e-16,8.370053497884862e-15,-9.499939776723925e-16,1-(2-Carboxyphenylamino)-1-deoxy-D-ribulose-5-phosphate carboxy-lyase(cyclizing) [c0],H+ + 1-(2-carboxyphenylamino)-1-deoxyribulose 5-phosphate --> H2O + CO2 + Indoleglycerol phosphate
rxn00832_c0,3.9629821858913613e-14,3.0134096544766807e-14,-2.6240200058951783e-14,6.654714668529918e-15,3.6348878682087846e-15,4.6480328402907443e-14,2.5182292446407015e-14,4.974363607255428e-15,4.376832472184674e-15,"IMP 1,2-hydrolase (decyclizing) [c0]",H2O + IMP <=> FAICAR
rxn05295_c0,-1.2124449314456075e-16,-2.980485512174665e-16,3.1072823881219073e-16,3.4007520646271665e-17,-6.218712918086168e-16,7.069142642721902e-16,-2.3776037813207635e-16,-5.64121015433768e-16,2.5238620835980648e-15,mRNA synthesis,0.524495708488791 ATP + 0.644609229516758 GTP + 0.400378403426558 CTP + 0.432408675700682 UTP --> 2.00189201713279 PPi + mRNA
rxn05323_c0,9.986083432153945e-16,-3.8405894904311455e-16,-1.712457258521402e-16,-1.0997394288516203e-16,7.783439296390177e-16,1.6734064801032056e-16,-1.9409331120095712e-16,2.3446855576248706e-15,-1.3299571740218986e-15,"Tetradecanoyl-[acyl-carrier protein]:malonyl-CoA C-acyltransferase(decarboxylating, oxoacyl- and enoyl-reducing) [c0]",NADH + H+ + (2E)-Tetradecenoyl-ACP --> NAD + Tetradecanoyl-ACP
rxn01000_c0,1.7697344063511953e-15,-1.0313467168935597e-15,2.987920594541179e-16,2.36050321049472e-16,-2.7740991435293884e-16,1.2005088767890264e-16,-5.5430726961393495e-16,-5.641210154337678e-16,6.236157049018979e-16,prephenate hydro-lyase (decarboxylating; phenylpyruvate-forming) [c0],H+ + Prephenate --> H2O + CO2 + Phenylpyruvate
rxn03393_c0,3.8932986862453284e-16,2.933091853001201e-15,6.777652796004596e-18,-1.5079330127444407e-16,-7.091314848404689e-16,-3.9231591160379133e-16,-5.01795830225989e-16,1.4047601127858025e-15,-1.3299385552239039e-16,3-octaprenyl-4-hydroxybenzoate carboxy-lyase [c0],H+ + 3-Octaprenyl-4-hydroxybenzoate --> CO2 + 2-Octaprenylphenol
rxn01362_c0,0.0,0.0,0.0,0.0,0.0,0.0,0.0,0.0,0.0,Orotidine-5'-phosphate:diphosphate phospho-alpha-D-ribosyl-transferase [c0],PRPP + Orotate --> PPi + H+ + Orotidylic acid
DM_cpd11416_c0,1.2239635502447506e-15,-8.148417392990545e-16,8.161419689456892e-16,1.4934461671729668e-16,-2.7740991435293884e-16,3.229195068079977e-16,-5.5430726961393495e-16,-9.290953089991585e-16,-8.250262811162941e-16,Demand for Biomass [c0],Biomass --> 
rxn03108_c0,5.047918675072663e-16,1.5541780170462643e-16,1.4284935656955596e-15,-4.372221461622574e-17,2.6034860113692166e-16,-1.3262886148143565e-15,7.412367343001744e-16,-5.641210154337678e-16,-3.262042647554251e-15,ATP:4-amino-2-methyl-5-phosphomethylpyrimidine phosphotransferase [c0],ATP + H+ + 4-Amino-5-phosphomethyl-2-methylpyrimidine --> ADP + 4-Amino-2-methyl-5-diphosphomethylpyrimidine
rxn14061_c0,0.0,-2.454874129512947e-15,-1.315438640418154e-17,2.1121073340748552e-16,7.469631907186832e-16,5.227507963055881e-18,-4.252868872213394e-16,-9.2909530899916e-16,4.888279997182153e-15,"trans,trans,cis-geranylgeranyl-diphosphate:isopentenyl-diphosphate geranylgeranylcistransferase [c0]","H+ + Isopentenyldiphosphate + trans,trans,cis-Geranylgeranyl diphosphate --> PPi + ditrans,dicis-Pentaprenyl diphosphate"
rxn01256_c0,3.03111232861402e-16,1.4181921834501197e-15,-1.315438640418154e-17,-3.5257280999830377e-15,5.477627488349202e-16,2.6680470111424523e-16,1.818526545513533e-16,1.7697344063511945e-15,-3.318464999543438e-15,Chorismate pyruvatemutase [c0],Chorismate --> Prephenate
rxn00907_c0,3.4706447291462566e-14,1.4932721404947464e-13,1.51951052481822e-13,-1.5676761716565202e-13,-1.6259424125945224e-13,-2.034679149452711e-14,1.047107719210136e-13,-4.887874569960931e-13,2.920953124354113e-13,"5,10-methylenetetrahydrofolate:NADP+ oxidoreductase [c0]",NADP + 5-10-Methylenetetrahydrofolate <=> NADPH + 5-10-Methenyltetrahydrofolate
EX_cpd00149_e0,2.5850848334220463e-16,-4.93894333641061e-16,1.4284935656955596e-15,-2.1097898257592768e-16,5.105571826093962e-16,-2.652162595543631e-16,9.538742524577747e-17,-8.84201840854899e-16,1.2291330426311123e-14,exchange,Co2+ [e0] <=> 
rxn08311_c0,-2.70701977083712e-16,-2.3774947922101416e-15,6.191292495458752e-16,-1.1032792947222908e-15,5.105571826093962e-16,-7.015384611057547e-16,-6.352840194216144e-16,-5.035040767465148e-15,-1.0949471975735249e-15,CDP-diacylglycerol synthetase (n-C18:0) [c0],"CTP + 1,2-dioctadecanoyl-sn-glycerol 3-phosphate --> PPi + H+ + CDP-1,2-dioctadecanoylglycerol"
rxn05327_c0,7.318384990050114e-16,-7.872042368725373e-16,6.191292495458752e-16,-7.446055821504518e-16,5.477627488349202e-16,1.8995355849010591e-16,-3.3323933873631483e-16,3.605086124738729e-15,-1.863664677614309e-15,"Decanoyl-[acyl-carrier protein]:malonyl-CoA C-acyltransferase(decarboxylating, oxoacyl- and enoyl-reducing) [c0]",NADH + H+ + (2E)-Decenoyl-ACP --> NAD + Decanoyl-ACP
EX_cpd00099_e0,1.9943021540995533e-17,-2.3774947922101416e-15,1.4284935656955596e-15,2.5902013797761903e-16,2.6034860113692166e-16,-3.869586065583199e-31,-7.910824603127543e-16,2.5354149434223912e-15,-4.701605945273461e-16,Exchange for Cl- [e0],Cl- [e0] <=> 
rxn05346_c0,1.5522754348835266e-17,3.416868635581383e-18,1.4064020238056938e-17,0.0,1.7380769382881862e-32,4.084658621847236e-31,-1.233795350939689e-17,0.0,3.0223276073233817e-33,butyryl-[acyl-carrier protein]:malonyl-[acyl-carrier-protein] C-acyltransferase (decarboxylating) [c0],H+ + Butyryl-ACP + Malonyl-ACP --> CO2 + 3-Oxohexanoyl-ACP + ACP
rxn03436_c0,2.378324018933222e-16,1.2676875383802837e-15,2.0879764750072254e-16,-4.3933534791521527e-16,0.5729582543713084,-1.3176820437188049e-15,-3.9696085209636935e-16,-1.620175435833369e-16,0.6477702007735905,(S)-2-Aceto-2-hydroxybutanoate:NADP+ oxidoreductase (isomerizing) [c0],2-Aceto-2-hydroxybutanoate <=> (R)-3-Hydroxy-3-methyl-2-oxopentanoate
rxn05350_c0,-3.458783575455111e-16,-1.5900637310813596e-15,6.308596779887733e-16,4.293357651700971e-16,3.0048228436243393e-16,-2.0679161149594606e-16,-1.8679061345712983e-16,2.470605101828668e-16,4.005239467146631e-15,hexanoyl-[acyl-carrier protein]:malonyl-[acyl-carrier-protein] C-acyltransferase (decarboxylating) [c0],H+ + Hexanoyl-ACP + Malonyl-ACP --> CO2 + 3-Oxooctanoyl-ACP + ACP
rxn02475_c0,9.548084923025132e-17,-1.5900637310813596e-15,4.060981670484677e-16,2.8884566842185427e-16,-1.1762347233932682e-16,1.1845237619499854e-15,1.7410229895213182e-16,1.404760112785832e-15,-1.0933587896764576e-16,"2,5-Diamino-6-hydroxy-4-(5-phosphoribosylamino)-pyrimidine 2-aminohydrolase [c0]","H2O + H+ + 2,5-Diamino-6-(5'-phosphoribosylamino)-4-pyrimidineone --> NH3 + 5-Amino-6--5-phosphoribosylaminouracil"
rxn02774_c0,0.0,0.0,0.0,0.0,0.0,0.0,0.0,0.0,0.0,S-Adenosyl-L-methionine:uroporphyrin-III C-methyltransferase [c0],NAD + Precorrin 2 <=> NADH + 2.0 H+ + Sirohydrochlorin
rxn03437_c0,0.0,0.0,0.0,0.0,0.5729582543713154,0.0,0.0,0.0,0.6477702007735953,"(R)-2,3-Dihydroxy-3-methylpentanoate hydro-lyase [c0]","2,3-Dihydroxy-3-methylvalerate --> H2O + 3-methyl-2-oxopentoate"
rxn00313_c0,-1.8201893649455042e-16,-1.5900637310813596e-15,6.308596779887733e-16,4.23594513067465e-16,-2.891957050842232e-15,-4.024737945600461e-15,2.3216930046311297e-15,9.746315086480931e-17,3.5418390264749067e-16,"meso-2,6-diaminoheptanedioate carboxy-lyase (L-lysine-forming) [c0]","H+ + meso-2,6-Diaminopimelate --> CO2 + L-Lysine"
EX_cpd00063_e0,5.566076229912487e-16,-7.899922117212293e-16,-2.1641991434996507e-16,-7.790944198107953e-17,-2.1750438780866622e-16,1.6087567385046654e-16,-6.577630955608789e-16,4.925007329081159e-17,-1.5023646553516105e-15,Exchange for Ca2+ [e0],Ca2+ [e0] <=> 
rxn01790_c0,-4.595571373904599e-13,-7.052035234221824e-18,-2.1264538629347386e-12,-5.740921992054314e-13,-2.471493897293286e-13,-1.693599151705735e-13,1.1054449724400513e-12,1.0729120897045754e-12,4.314400160194281e-13,(R)-Pantoate:NADP+ 2-oxidoreductase [c0],NADP + Pantoate <=> NADPH + H+ + 2-Dehydropantoate
rxn02988_c0,1.1438737992160869e-12,3.6453582989412036e-13,3.6164293863980248e-12,-7.658799629745664e-13,1.006214729513972e-12,-3.4892519558546674e-13,-3.076670035636389e-13,2.4463452095193157e-12,9.54072367265682e-13,glycerone phosphate:iminosuccinate alkyltransferase (cyclizing) [c0],Glycerone-phosphate + Iminoaspartate --> 2.0 H2O + Phosphate + Quinolinate
rxn08822_c0,1.4193440469706173e-15,5.61458569251227e-16,3.154460409086506e-17,1.8537225784294253e-15,3.671935995346191e-17,6.61441168368225e-17,1.6797021508155296e-15,8.312828880094942e-16,1.1763584348954333e-15,"Lysophospholipase L2 (2-acylglycerophosphotidate, n-C18:0) [c0]",H2O + 2-octadecanoyl-sn-glycerol 3-phosphate <=> 2.0 H+ + Glycerol-3-phosphate + Octadecanoate
EX_cpd00204_e0,-7.555155211817424e-16,6.176816374450065e-16,-3.740669580679072e-16,-1.669800461353331e-16,-6.185501270635503e-16,-1.9245185138550862e-16,5.65675516143258e-16,-1.5700396788122883e-16,6.349872494718615e-16,CO exchange,CO [e0] --> 
rxn00119_c0,4.7780407618606445e-16,4.63868551292552e-16,-5.860847134247281e-17,2.4811144756389556e-17,4.7588575114343506e-17,2.7435485411053667e-16,-7.341627889041534e-17,2.41798709056447e-16,-1.4974109482429999e-16,ATP:UMP phosphotransferase [c0],ATP + H+ + UMP <=> ADP + UDP
EX_cpd10516_e0,0.0,0.0,1.7997639014465963e-28,0.0,1.6907013599567346e-28,-9.292401509250419e-30,0.0,2.635831389704112e-29,0.0,Exchange for fe3 [e0],fe3 [e0] <=> 
rxn05460_c0,5.184522683173944e-16,3.4590050564601655e-17,1.4336188980902107e-16,4.522145152872871e-16,-5.919752143098357e-17,2.4402883406549985e-16,-4.957805062974264e-19,-4.201300999245962e-16,-3.528569677375366e-15,3-Oxooctodecanoyl-ACP:malonyl-[acyl-carrier-protein] C-acyltransferase (decarboxylating) [c0],H+ + Hexadecanoyl-ACP + Malonyl-ACP --> CO2 + ACP + 3-Oxooctadecanoyl-ACP
rxn10480_c0,7.534589096921934e-16,4.3825297893272077e-16,1.1004498672451158e-16,-2.278764807796757e-16,-3.876132861389722e-16,-9.37268100789491e-17,3.9465785733652734e-16,7.423580950241997e-18,-5.4845789833288164e-17,CO transporter via diffusion,CO <=> CO [e0]
rxn03907_c0,-1.4766551303603664e-16,8.678462309844261e-16,3.3865884848235726e-17,7.65298843879052e-17,4.7588575114343506e-17,2.0464546881675367e-16,2.6310523822435163e-16,-1.715019056610501e-16,-6.957941318889328e-16,CTP: 2-C-Methyl-D-erythritol 4-phosphate cytidylyltransferase [c0],CTP + 2-C-methyl-D-erythritol4-phosphate --> PPi + 4--cytidine5-diphospho-2-C-methyl-D-erythritol
rxn00974_c0,0.7055933524937671,0.5366178427876498,0.4883750844597124,0.5782627592454755,0.5380756794104806,3.2468942003362145e-14,0.5545565160160064,0.7005050749790929,0.6438667354517975,citrate hydro-lyase (cis-aconitate-forming) [c0],Citrate <=> H2O + cis-Aconitate
rxn01213_c0,-6.246149353021146e-16,-3.5644666523086553e-16,-3.0319367653610115e-16,-1.7932796833464296e-16,-5.621430321061775e-16,2.525487043189903e-16,-1.3155261911217581e-16,-9.624872281539832e-17,-1.100747902681871e-16,Geranyl diphosphate synthase,Isopentenyldiphosphate + DMAPP --> PPi + H+ + Geranyldiphosphate
rxn11663_c0,-1.5256983222787644e-15,-9.8463558423445e-17,1.175671784008244e-17,4.836307305887723e-16,2.0962851351085826e-16,1.1437992816896799e-16,-9.946489141840256e-16,-1.022849673237236e-17,-3.6814450497244463e-16,4-(phosphonooxy)threonine:NAD oxidoreductase [c0],NAD + 4-(Phosphonooxy)-threonine --> NADH + CO2 + 3-Amino-2-oxopropyl phosphate
rxn01466_c0,1.6208602250258062e-16,2.0866754279286374e-16,-3.3942179580590476e-16,-2.3664200110797947e-16,6.251967685271378e-17,5.430898110003875e-16,1.2941611489203586e-16,7.150925697789871e-16,-1.6296474526725837e-15,Geranyl-diphosphate:isopentenyl-diphosphate geranyltrans-transferase [c0],Isopentenyldiphosphate + Geranyldiphosphate --> PPi + H+ + Farnesyldiphosphate
rxn43657_c0,4.636450043280974e-16,-4.541668519941176e-16,-5.4242617049473523e-17,-5.662094835122547e-16,5.7752680565732695e-16,4.702906922390313e-16,1.2941611489203586e-16,5.832697690191385e-16,-4.62719741780103e-16,Zn2+:proton symport [c0],Zn2+ [e0] + H+ [e0] --> Zn2+ + H+
rxn03445_c0,6.538949670104716e-16,-3.4043927079174814e-16,-3.293522881699685e-16,1.0150674871342304e-16,-1.1343847446826387e-16,-4.4170447455348046e-16,-2.3533497173562663e-16,2.336872731718791e-16,-4.62719741780103e-16,O-Phospho-4-hydroxy-L-threonine:2-oxoglutarate aminotransferase [c0],2-Oxoglutarate + 4-(Phosphonooxy)-threonine <=> L-Glutamate + 2-Oxo-3-hydroxy-4-phosphobutanoate
rxn09498_c0,0.709528204285032,0.5854568237974651,0.5199776158037713,0.6106959003944228,0.5729582543713105,0.4992881333706833,1.0349518122344155e-14,0.7022275988679518,0.6477702007735998,S-aminomethyldihydrolipoylprotein:(6S)-tetrahydrofolate aminomethyltransferase (ammonia-forming) [c0],Tetrahydrofolate + S-Aminomethyldihydrolipoamide --> NH3 + 5-10-Methylenetetrahydrofolate + Protein N6-(dihydrolipoyl)lysine
rxn09202_c0,-2.210210480812463e-16,-2.655274194229435e-16,-3.293522881699685e-16,4.546617045374101e-16,-4.507409099677993e-16,-1.2769350809402776e-16,4.51766767213102e-16,-5.638237585310264e-16,-4.627197417800965e-16,Phosphatidylserine decarboxylase (n-C18:0) [c0],2.0 H+ + phosphatidylserine dioctadecanoyl --> CO2 + phosphatidylethanolamine dioctadecanoyl
rxn05329_c0,-2.3303039788500863e-16,-5.060015591000004e-16,-3.3207450644112943e-16,1.8794782384311184e-16,-5.886361045660037e-17,1.10728420684685e-16,5.575275680941218e-16,4.275104802137277e-16,2.7166140394728404e-15,(3R)-3-Hydroxybutanoyl-[acyl-carrier-protein] hydro-lyase [c0],(3R)-3-Hydroxybutanoyl-ACP <=> H2O + (2E)-Butenoyl-ACP
rxn02473_c0,-2.542193690857115e-16,1.377983227557121e-15,3.8088134440930275e-15,-7.248873684814058e-17,9.941724891878076e-18,9.000870037645205e-17,3.8149991049409327e-16,-3.1864280813120925e-16,-4.627197417800797e-16,D-erythro-1-(Imidazol-4-yl)glycerol 3-phosphate hydro-lyase [c0],D-erythro-imidazol-glycerol-phosphate --> H2O + imidazole acetol-phosphate
rxn02341_c0,-2.9398899198770556e-29,0.0,-2.126204173571666e-12,6.91456112080726e-14,2.878798908266905e-13,1.7288317778934439e-12,-6.472328346588698e-14,2.2517705942336498e-12,-1.6379409907832704e-12,N-[(R)-4'-Phosphopantothenoyl]-L-cysteine carboxy-lyase [c0],H+ + (R)-4'-Phosphopantothenoyl-L-cysteine --> CO2 + Phosphopantetheine
rxn06937_c0,6.26768520064558e-16,-3.394647571563844e-16,-1.6403482388277364e-16,4.522787628875827e-17,1.5854118511885382e-16,8.860776743836735e-17,-2.371491645093579e-16,4.439078413339694e-16,7.042079691124078e-16,L-glutamate:tRNA(Glu) ligase (AMP-forming),ATP + L-Glutamate + tRNA-Glu --> PPi + AMP + H+ + L-Glutamyl-tRNA-Glu
rxn15949_c0,0.0,0.0,0.0,0.0,0.0,0.0,0.0,-5.443662011353162e-29,0.0,carboxyspermidine carboxy-lyase (spermidine-forming) [c0],H+ + Carboxyspermidine --> CO2 + Spermidine
rxn05328_c0,4.247112524572574e-16,-5.845855762131799e-17,2.235562865469019e-16,1.0657705344839824e-16,-9.499962134029505e-16,-7.225772679866842e-17,1.7141078523418474e-16,-8.561978998133108e-31,-4.0074506815595343e-16,"Hexadecanoyl-[acyl-carrier protein]:malonyl-CoA C-acyltransferase(decarboxylating, oxoacyl- and enoyl-reducing) [c0]",NADH + H+ + (2E)-Hexadecenoyl-ACP --> NAD + Hexadecanoyl-ACP
rxn02504_c0,1.7035015210433658e-14,-2.403927866058396e-16,2.0390102040639903e-16,2.7736507233046907e-16,-9.499962134029505e-16,1.0226043250879651e-16,2.479042942546836e-13,1.420446602761559e-16,1.0782625204689611e-16,"2-amino-4-hydroxy-6-(D-erythro-1,2,3-trihydroxypropyl)-7,8-dihydropteridine glycolaldehyde-lyase [c0]",Dihydroneopterin <=> Glycolaldehyde + 6-hydroxymethyl dihydropterin
rxn05322_c0,2.9909197334273758e-16,-2.403927866058396e-16,-1.0123809714429567e-30,2.432990322202917e-16,1.0045560608788707e-16,-3.1387486025602577e-16,6.8703570455289194e-18,2.5875035297169815e-16,5.1890798013912354e-15,"Butyryl-[acyl-carrier protein]:malonyl-CoA C-acyltransferase(decarboxylating, oxoacyl- and enoyl-reducing) [c0]",NADH + H+ + (2E)-Butenoyl-ACP --> NAD + Butyryl-ACP
EX_cpd00007_e0,2.0174413793260663e-16,1.2303742704797465e-13,,-2.534661018191461e-12,,2.0332315997939094e-14,4.8003040832793664e-17,1.9325824538731542e-14,9.076488673602214e-15,Exchange for O2 [e0],O2 [e0] <=> 
rxn00438_c0,-3.678679368018302e-17,1.7688469689211391e-16,-8.323812550379691e-17,1.4452304742117377e-19,-1.833708217708948e-16,2.5555103453340013e-17,5.234810180415895e-16,1.3654010487547456e-17,6.904493888429968e-17,ATP:thiamin-phosphate phosphotransferase [c0],ATP + H+ + Thiamine phosphate --> ADP + TPP
rxn02213_c0,2.0333982854752956e-15,7.968444385221438e-17,2.902044687962917e-16,-3.596538370826955e-16,-1.833708217708948e-16,-2.0841748001061023e-16,4.3598428520189275e-15,3.02413186060377e-17,-8.813337524167607e-16,3-Dehydroquinate hydro-lyase [c0],5-Dehydroquinate --> H2O + 3-Dehydroshikimate
rxn09210_c0,4.160605985742222e-15,-5.0456591317264944e-30,-1.0449328094472045e-29,-5.2690297536351836e-30,0.0,2.137777865981813e-29,-2.4530766284653372e-15,-1.9801744547529545e-30,-2.0411356267133772e-30,Phosphatidylserine syntase (n-C18:0) [c0],"L-Serine + CDP-1,2-dioctadecanoylglycerol --> CMP + 2.0 H+ + phosphatidylserine dioctadecanoyl"
rxn42709_c0,3.650494734929704e-16,3.9031147309693086e-16,-1.2164298929458492e-16,2.8598604543953087e-16,-1.021475290780719e-15,2.668994639492199e-17,-2.8446617630705177e-16,2.646407944714455e-16,1.3449733333086788e-16,[c0],NADPH + S-Adenosyl-L-methionine + L-Tyrosine --> NADP + L-Methionine + H+ + p-Cresol + 5'-Deoxyadenosine + Iminoglycine
rxn00912_c0,2.335374171856274e-13,1.6932646325981347e-16,-1.5190120753507633e-12,1.445775774542828e-12,2.889463799818059e-13,1.4877687919074032e-12,1.0224614437406097e-12,1.583797919634261e-13,-6.06535238625136e-13,"5,10-Methylenetetrahydrofolate:3-methyl-2-oxobutanoate hydroxymethyltransferase [c0]",H2O + 3-Methyl-2-oxobutanoate + 5-10-Methylenetetrahydrofolate <=> Tetrahydrofolate + 2-Dehydropantoate
rxn01117_c0,-3.432923332774815e-16,4.2918077761145826e-18,-4.675378275909032e-16,4.766789128894367e-16,-9.855052108293456e-17,-5.650437228813949e-17,-3.585382553924088e-16,1.7752025757098316e-16,6.894805485948862e-17,D-arabinose-5-phosphate aldose-ketose-isomerase [c0],D-Arabinose5-phosphate <=> D-Ribulose5-phosphate
rxn02895_c0,1.424651885170394e-13,-5.977459625324813e-14,-2.961720779231925e-13,1.4826887322843274e-13,-1.5011340916667125e-14,-2.4644706362295564e-13,1.4487345242247576e-13,2.873020492814437e-13,1.9026325308623146e-13,5-Phospho-D-ribosylamine:glycine ligase (ADP-forming) [c0],ATP + Glycine + 5-Phosphoribosylamine --> ADP + Phosphate + H+ + GAR
rxn05326_c0,7.133894690803942e-16,-3.5610593613218947e-16,-1.289081957045605e-15,3.598169057507031e-16,-1.6837162468016063e-16,-2.1782039945553142e-16,-7.79643293453784e-16,2.1827375550338552e-17,-5.986874865175105e-17,"Hexanoyl-[acyl-carrier protein]:malonyl-CoA C-acyltransferase(decarboxylating, oxoacyl- and enoyl-reducing) [c0]",NADH + H+ + (2E)-Hexenoyl-ACP --> NAD + Hexanoyl-ACP
rxn03435_c0,-3.143183700067834e-16,-2.1143780356819935e-16,-7.756168761364166e-16,-3.5981690575070283e-16,0.5729582543713078,-1.3974338705026856e-16,-6.269779901243648e-16,-9.290953089991589e-16,0.6477702007735915,"(R)-2,3-Dihydroxy-3-methylpentanoate:NADP+ oxidoreductase (isomerizing) [c0]","NADP + 2,3-Dihydroxy-3-methylvalerate <=> NADPH + H+ + (R)-3-Hydroxy-3-methyl-2-oxopentanoate"
rxn05333_c0,-4.91953973440659e-16,6.07704514622878e-16,-4.675378275909032e-16,2.82069471193241e-16,6.533653496652693e-16,2.0501123916157296e-15,-2.5343281700507833e-16,-1.5328769433069861e-15,-3.687193453155451e-16,(3R)-3-Hydroxybutanoyl-[acyl-carrier-protein] hydro-lyase [c0],(3R)-3-Hydroxydecanoyl-ACP <=> H2O + (2E)-Decenoyl-ACP
rxn01208_c0,-4.503614381299782e-16,1.270718767470113e-16,-4.675378275909032e-16,1.5305257206958447e-16,5.675084074344699e-18,0.4992881333706832,-8.174125078382856e-16,6.636869208602532e-17,0.6477702007735915,R01652 [c0],H+ + 2-isopropyl-3-oxosuccinate --> CO2 + 4-Methyl-2-oxopentanoate [c0]
rxn00686_c0,-1.527528280001735e-15,6.07704514622878e-16,-7.756168761364166e-16,3.547350548291765e-16,5.675084074344699e-18,-1.706296449324873e-16,8.681836156528462e-14,-2.0653745164703165e-13,4.538038447918854e-16,"5,6,7,8-tetrahydrofolate:NADP+ oxidoreductase [c0]",NADP + Tetrahydrofolate <=> NADPH + H+ + Dihydrofolate
rxn01019_c0,-2.3818238834130002e-15,1.270718767470113e-16,-4.675378275909032e-16,3.598169057507031e-16,5.675084074344699e-18,1.4468840860939436e-15,4.431611486105592e-16,-4.709742927161558e-15,7.626402271120084e-16,Carbamoyl-phosphate:L-ornithine carbamoyltransferase [c0],Ornithine + Carbamoylphosphate --> Phosphate + H+ + Citrulline
rxn00747_c0,-1.3175649478804614e-13,2.590016244829627e-14,2.444347696275236e-14,1.1590816913625283e-14,1.1012578351530721e-14,1.1142364803912953e-15,1.5513407303467612e-14,2.8090071691181775e-14,9.723483789763832e-14,D-glyceraldehyde-3-phosphate aldose-ketose-isomerase [c0],Glyceraldehyde3-phosphate <=> Glycerone-phosphate
rxn08234_c0,-6.812498882350749e-17,-8.179403329050834e-17,-2.2509286331279653e-16,-2.5497093006014952e-17,-2.653204860112063e-16,5.4474608830239014e-17,2.1612820888965296e-16,8.410443002145464e-16,-2.418300145111809e-16,chloride (Cl-1) transport via diffusion (extracellular to periplasm) [c0],Cl- [e0] <=> Cl-
rxn02476_c0,2.6924396668188856e-16,1.7098700029021832e-17,-9.999652274014137e-16,5.022619137691151e-16,-1.7584843517741854e-16,-3.562044105573278e-16,3.7152287223042355e-15,-1.4928111215704165e-15,-2.418300145111809e-16,Phosphoenolpyruvate:3-phosphoshikimate 5-O-(1-carboxyvinyl)-transferase [c0],Phosphoenolpyruvate + 3-phosphoshikimate <=> Phosphate + 5-O--1-Carboxyvinyl-3-phosphoshikimate
rxn00863_c0,-3.131514575866858e-16,-1.7757919112489733e-17,-8.888562630817306e-16,-1.299452488564189e-16,-2.8482790512830815e-16,-3.3155067425663513e-16,-2.0716295339752892e-16,-2.96527336073957e-16,6.832751906418555e-16,L-histidinal:NAD+ oxidoreductase [c0],H2O + NAD + L-Histidinal --> NADH + 2.0 H+ + L-Histidine
rxn00209_c0,1.888866017725343e-15,-1.2412021838859189e-15,-3.479995682029803e-16,5.269856171862488e-16,5.3784084015442345e-17,-1.9717887022311238e-16,6.232477126916509e-16,4.3230341102086226e-19,1.3946363190466698e-16,Pyridoxine 5-phosphate:oxygen oxidoreductase [c0],O2 + Pyridoxine phosphate --> Pyridoxal phosphate + H2O2
rxn02288_c0,-4.489406501156792e-16,-8.894089086381017e-17,2.7785949470867863e-16,3.4689929148983015e-17,2.631201037039756e-17,-3.2826863344437454e-16,2.954686969351204e-16,2.962497840482036e-15,-4.498018801609011e-16,Uroporphyrinogen-III carboxy-lyase [c0],4.0 H+ + UroporphyrinogenIII --> 4.0 CO2 + CoproporphyrinogenIII
fe3_reduction,-2.752052224937545e-16,-8.894089086381017e-17,-5.305160825617085e-13,-1.324338810002545e-16,-4.636133039781413e-13,1.3496891395952339e-15,-1.9011694782955578e-13,-5.382852921954091e-16,-7.479927386936112e-16,Reduction of Fe3+ by bacterioferritin-associated ferredoxin,2.0 fe3 + Reducedferredoxin --> 2.0 Fe2+ + Oxidizedferredoxin
rxn02937_c0,2.1010724633426655e-14,4.7566160339986103e-14,-1.9904021125304784e-14,2.4195392213964804e-14,-2.3033175207233952e-14,3.418623101354601e-14,5.979155875564231e-14,2.281331588957888e-14,4.302739532686873e-15,2-(Formamido)-N1-(5-phosphoribosyl)acetamidine cyclo-ligase (ADP-forming) [c0],ATP + 5'-Phosphoribosylformylglycinamidine --> ADP + Phosphate + H+ + AIR
rxn00781_c0,-1.4983144906414233e-14,-4.6710219179000455e-14,-1.0619393094624524e-14,-1.217390384208638e-14,-2.0664761559973228e-14,-8.383135313222106e-14,9.917044669970541e-15,6.313073880506026e-15,1.846224050853817e-14,D-glyceraldehyde-3-phosphate:NAD+ oxidoreductase (phosphorylating) [c0],"NAD + Phosphate + Glyceraldehyde3-phosphate <=> NADH + H+ + 1,3-Bisphospho-D-glycerate"
rxn08043_c0,-7.071059351496564e-16,3.158904901094503e-16,-6.046440189819671e-16,2.0181373929822055e-16,0.5729582543713085,1.0965728977208626e-15,2.874231613753009e-16,-7.605873444975893e-16,0.6477702007735903,pyruvate:2-oxobutanoate acetaldehydetransferase (decarboxylating) [c0],Pyruvate + H+ + 2-Oxobutyrate --> CO2 + 2-Aceto-2-hydroxybutanoate
EX_cpd00034_e0,4.59821775742825e-16,-8.894089086381017e-17,-6.440566998832127e-16,3.2810129630167763e-17,9.954443995558928e-17,8.681016285067026e-16,9.286727493775884e-17,-2.907511439068143e-16,1.3366197528533952e-16,Exchange for Zn2+ [e0],Zn2+ [e0] <=> 
rxn03397_c0,-4.824457958319939e-16,3.158904901094503e-16,-4.4143976521863846e-17,2.0948827009411226e-16,-1.4827804474899848e-16,-2.3849375089528397e-15,3.529062974023615e-16,-1.599946461389268e-16,-4.498018801609009e-16,2-octaprenyl-6-methoxy-benzoquinol methylase,"S-Adenosyl-L-methionine + 2-Octaprenyl-6-methoxy-1,4-benzoquinone --> S-Adenosyl-homocysteine + H+ + 2-Octaprenyl-3-methyl-6-methoxy-1,4-benzoquinone"
rxn05294_c0,0.0,0.0,0.0,0.0,0.0,0.0,0.0,0.0,0.0,DNA synthesis,0.516637656497864 dATP + 0.516637656497864 dGTP + 0.516637656497864 dCTP + 0.516637656497864 TTP --> 2.06655062599146 PPi + DNA
rxn01519_c0,-9.575421975900003e-17,-8.894089086381017e-17,8.870629023684017e-16,5.726739449382663e-17,2.631201037039756e-17,-4.657606873782852e-16,-1.0108264841095767e-15,-1.5261298701807073e-18,1.0153166892642905e-15,dUTP nucleotidohydrolase,H2O + dUTP --> PPi + 2.0 H+ + dUMP
rxn03893_c0,-1.681013949373114e-16,-2.567425433299787e-17,2.937791634067005e-16,3.1372225611642636e-17,-1.166085670945318e-16,1.4913675554435785e-15,1.3718850296667674e-16,-3.323242541818409e-17,-7.140728877941003e-16,all-trans-octaprenyl-diphosphate:4-hydroxybenzoate 3-octaprenyltransferase [c0],4-Hydroxybenzoate + Farnesylfarnesylgeraniol --> PPi + H+ + 3-Octaprenyl-4-hydroxybenzoate
rxn00693_c0,4.162278155787832e-16,2.3833948186042973e-16,-2.062038440143906e-17,1.3068055385114775e-16,-1.4827804474899848e-16,-2.031432233460626e-15,9.286727493775884e-17,2.7288659575340508e-17,9.754356659338714e-15,5-Methyltetrahydrofolate:L-homocysteine S-methyltransferase [c0],Homocysteine + 5-Methyltetrahydrofolate <=> L-Methionine + Tetrahydrofolate
rxn00224_c0,1.5781382885623652e-15,7.437430621322485e-17,-1.1376641411643262e-15,1.2891032751395736e-16,-5.748228950932107e-16,2.3829848353683733e-16,-3.423883523210467e-17,-4.908809908711843e-16,-1.6452888324737063e-16,protoheme ferro-lyase (protoporphyrin-forming) [c0],Protoporphyrin + Fe2+ <=> Heme + 2.0 H+
rxn03958_c0,2.5007866289432544e-16,7.437430621322485e-17,2.568533782450536e-16,-3.998946627714424e-15,-3.2371435227624763e-16,5.564743163271593e-17,-2.0845758608819546e-16,9.391037400062853e-17,4.318528338180494e-16,1-Deoxy-D-xylulose-5-phosphate isomeroreductase [c0],NADP + 2-C-methyl-D-erythritol4-phosphate <=> NADPH + H+ + 1-deoxy-D-xylulose5-phosphate
rxn03167_c0,4.139329965877335e-16,-1.5545804102380488e-16,1.1370170726591714e-17,-1.7359042835731963e-16,-3.2371435227624763e-16,-2.0670905420728823e-16,1.996324161743891e-13,6.769603027723316e-16,4.318528338180494e-16,"2-Amino-4-hydroxy-6-(erythro-1,2,3-trihydroxypropyl) dihydropteridine triphosphate phosphohydrolase (alkaline optimum) [c0]","3.0 H2O + 7,8-Dihydroneopterin 3'-triphosphate --> 3.0 Phosphate + 3.0 H+ + Dihydroneopterin"
rxn00902_c0,-6.449227359165201e-16,-3.70697359381178e-16,7.525939346195674e-16,2.4450271305370346e-17,-2.4043147779543504e-17,0.4992881333706697,-1.0811573772962174e-15,-2.406587511742637e-16,0.6477702007735789,"acetyl-CoA:3-methyl-2-oxobutanoate C-acetyltransferase (thioester-hydrolysing, carboxymethyl-forming) [c0]",H2O + Acetyl-CoA + 3-Methyl-2-oxobutanoate --> CoA + H+ + 2-Isopropylmalate
rxn00336_c0,0.7078060053639529,0.5840357765378883,0.5186927495524056,0.6099625050813097,0.5722735612973409,1.4995929295858098e-15,0.5738177839857184,0.7005050749789938,0.6477702007735799,isocitrate glyoxylate-lyase (succinate-forming) [c0],Isocitrate --> Succinate + Glyoxalate
rxn05343_c0,-2.638612707365183e-16,5.774561118152865e-16,-5.224284163498585e-16,7.24676628210103e-16,-3.769692913020739e-16,6.387884650411531e-17,-1.3072518684733101e-15,1.4616363690725354e-16,-2.284208613009442e-16,Octanoyl-[acyl-carrier protein]:malonyl-[acyl-carrier-protein] C-acyltransferase (decarboxylating) [c0],H+ + Octanoyl-ACP + Malonyl-ACP --> CO2 + 3-Oxodecanoyl-ACP + ACP
rxn01512_c0,-3.797317824213846e-16,-7.788628793066005e-16,4.073569742474396e-16,-7.752828984597694e-17,-4.59122282510241e-16,-5.945134957514365e-17,6.706956814398968e-16,-9.690436120342481e-17,8.656063198883864e-16,ATP:dTDP phosphotransferase [c0],ATP + dTDP <=> ADP + TTP
cpd01042_transport,2.23161276908857e-16,-5.358000363551061e-16,9.897562467575354e-17,6.822087538505672e-17,5.264257336605412e-16,6.121362630992156e-16,4.83596355447166e-16,4.980622970490164e-16,-3.6106931829731413e-16,p-Cresol transport by diffusion,p-Cresol --> p-Cresol [e0]
rxn05040_c0,-3.806982948252692e-17,2.9385790031865197e-16,2.5136405040536234e-17,-7.028661758618321e-16,-4.601879810691646e-16,1.3302419019656308e-16,-4.133888367405322e-17,-4.564490487350008e-16,-3.506881711008085e-16,"D-ribulose 5-phosphate formate-lyase (L-3,4-dihydroxybutan-2-one 4-phosphate-forming) [c0]",D-Ribulose5-phosphate --> Formate + H+ + 3-4-dihydroxy-2-butanone4-phosphate
rxn05461_c0,-2.918073849562404e-16,2.417553165415872e-17,5.600908950519762e-17,-8.073109573364595e-15,5.264257336605412e-16,1.1938447062699669e-17,1.897689905150098e-16,-1.2764689250013109e-15,-2.2160022143225522e-16,3-Hydroxyoctodecanoyl-ACP:NADP+ oxidoreductase [c0],NADPH + H+ + 3-Oxooctadecanoyl-ACP <=> NADP + (3R)-3-Hydroxyoctadecanoyl-ACP
rxn03909_c0,0.0,0.0,0.0,0.0,0.0,0.0,0.0,0.0,0.0,1-Deoxy-D-xylulose-5-phosphate pyruvate-lyase (carboxylating) [c0],Pyruvate + H+ + Glyceraldehyde3-phosphate --> CO2 + 1-deoxy-D-xylulose5-phosphate
rxn00337_c0,1.3334012199231956e-15,-5.358000363551061e-16,-4.2092681427321205e-15,-2.0980388599704183e-16,-2.2351581088286044e-15,6.429058369640577e-16,-1.0484335652181708e-15,8.89543580473606e-16,-1.855473626138376e-15,ATP:L-aspartate 4-phosphotransferase [c0],ATP + L-Aspartate <=> ADP + 4-Phospho-L-aspartate
rxn02405_c0,-2.4758292915528773e-16,-5.989401013423415e-16,6.0111911328139735e-16,4.872939114339384e-16,-4.519551505156731e-16,1.0882857238349573e-15,-6.394520453986669e-16,-9.296077449300325e-16,1.0532750906955076e-16,CTP:3-deoxy-D-manno-octulosonate cytidylyltransferase [c0],CTP + KDO --> PPi + H+ + CMP-KDO
rxn06591_c0,7.195370733802674e-16,2.1791513425247892e-16,-4.1627958479304003e-17,2.643630852965662e-15,-4.519551505156731e-16,5.640560494369205e-16,4.917861673500482e-17,-6.091979622199928e-16,7.665635178459106e-17,L-glutamate-semialdehyde: NADP+ oxidoreductase,NADPH + H+ + L-Glutamyl-tRNA-Glu --> NADP + L-Glutamate1-semialdehyde + tRNA-Glu
rxn01137_c0,1.4662662952406902e-13,-3.9854506483007575e-16,5.056772420715069e-16,-1.305520565667258e-16,-1.8319320398855542e-16,-1.1177540476524945e-13,-4.72568239482973e-16,5.884995334576017e-14,0.0,Adenosine aminohydrolase [c0],H2O + H+ + Adenosine --> NH3 + Inosine
rxn03147_c0,4.295093463835935e-14,4.0458060626685985e-14,-2.2080112524584e-14,-1.5596057994227483e-14,2.692289277135699e-14,-4.2983189482866295e-14,2.7628603068094827e-14,4.5573967807007e-14,7.822201037763045e-14,1-(5-Phosphoribosyl)-5-amino-4-carboxyimidazole:L-aspartate ligase (ADP-forming) [c0],ATP + L-Aspartate + 5'-Phosphoribosyl-4-carboxy-5-aminoimidazole --> ADP + Phosphate + H+ + SAICAR
rxn01520_c0,-1.5045186600498265e-15,-1.1719536154626964e-16,-4.569998509541406e-16,9.46764006839486e-16,2.8127323081371524e-16,-1.823199030661563e-15,9.960006878513788e-17,3.0194821584043454e-16,-1.408034709512889e-16,"5,10-Methylenetetrahydrofolate:dUMP C-methyltransferase [c0]",5-10-Methylenetetrahydrofolate + dUMP --> dTMP + Dihydrofolate
EX_cpd00254_e0,5.3288148941936615e-16,-1.1719536154626964e-16,5.699303108642365e-16,-5.540500714535818e-16,1.9537728717097048e-16,-1.3504267976131064e-16,-6.871513376858351e-16,-8.905983890172061e-16,-1.408034709512889e-16,Exchange for Mg [e0],Mg [e0] <=> 
rxn11946_c0,-7.923983435665869e-16,-3.422855613694788e-16,-7.109617398675325e-16,1.870221632950664e-16,3.435061628004219e-16,9.739469888198918e-16,5.45311315566282e-16,1.5671964406945068e-15,-7.708899174847324e-16,R05614 [c0],"S-Adenosyl-L-methionine + 2-Octaprenyl-3-methyl-5-hydroxy-6-methoxy-1,4-benzoquinone <=> S-Adenosyl-homocysteine + H+ + Ubiquinone-8"
rxn01973_c0,3.170152704963427e-16,3.518082889504497e-17,-2.2222600217769896e-15,-8.895359940938982e-16,-1.8098125996522477e-15,6.2764051374615695e-16,-2.803200602260562e-15,6.909836566965504e-16,-1.822839461895927e-16,"N-Succinyl-LL-2,6-diaminoheptanedioate amidohydrolase [c0]","H2O + N-Succinyl-L-2,6-diaminopimelate <=> Succinate + LL-2,6-Diaminopimelate"
rxn15947_c0,5.454572682423432e-16,-1.6694231070914158e-17,-7.137323914087349e-16,3.8218397118083727e-16,4.678163022151344e-16,-4.938962304680799e-16,3.0257134030203607e-16,-1.9128350275671475e-16,1.8398726303574233e-17,carboxyspermidine:NADP+ oxidoreductase [c0],NADPH + H+ + Putrescine + L-Aspartate4-semialdehyde <=> H2O + NADP + Carboxyspermidine
rxn01257_c0,2.2195357925289412e-14,0.0,-1.0322038125310441e-13,0.0,-1.2807595996111182e-30,1.5172986101939325e-44,2.4769378031971296e-13,-1.8120410335459298e-13,7.279108505517698e-15,chorismate:L-glutamine aminotransferase [c0],L-Glutamine + Chorismate <=> L-Glutamate + 4-amino-4-deoxychorismate
rxn03136_c0,2.4101994260711742e-14,-1.5012531869012388e-14,3.0166366450294607e-14,2.883870002854613e-14,1.5347995164554952e-14,2.0245338211695616e-14,1.5226499332605727e-16,-5.655497850938395e-15,6.466979903421288e-14,1-(5'-Phosphoribosyl)-5-amino-4-(N-succinocarboxamide)-imidazole AMP-lyase [c0],SAICAR <=> H+ + Fumarate + AICAR
rxn12224_c0,6.795351343259501e-16,1.7889142239725257e-17,-4.569998509541406e-16,-3.701552919598031e-16,6.692809360613336e-16,4.3865166746267545e-17,-2.656300772110035e-16,5.902158181887326e-17,1.8398726303574233e-17,R04989 [c0],"O2 + 2-Octaprenyl-6-methoxyphenol --> H2O + 2-Octaprenyl-6-methoxy-1,4-benzoquinone"
rxn00293_c0,4.163291186770071e-16,3.518082889504497e-17,5.646522995504791e-17,-4.492428731059545e-16,2.5545260442199167e-16,9.403779695579345e-16,3.6643974859578873e-16,-7.3883506823015e-16,-2.959585494178238e-16,UTP:N-acetyl-alpha-D-glucosamine-1-phosphate uridylyltransferase [c0],UTP + N-Acetyl-D-glucosamine1-phosphate --> PPi + UDP-N-acetylglucosamine
rxn05616_c0,6.795351343259501e-16,-5.127760438155358e-17,5.646522995504791e-17,-1.7093598891701306e-17,6.89729979996849e-16,3.1546780142643143e-16,-2.132380867742283e-16,-2.414938567837062e-16,-1.989988257926545e-16,TRANS-RXN-141.ce [c0],Mg <=> Mg [e0]
EX_cpd00009_e0,-2.6610847483792015e-14,-2.020645989355562e-13,2.242866660629977e-13,2.2255836533022535e-14,-2.079517726662305e-15,3.5284170829516804e-14,2.063631570150396e-13,-3.701575782097007e-13,7.532432103480675e-14,Exchange for Phosphate [e0],Phosphate [e0] <=> 
rxn02789_c0,7.346975744385928e-16,-8.312708560225516e-19,-1.027733970243551e-15,-7.913741874601203e-16,1.2368669016870335e-16,0.499288133370661,6.935158982846304e-16,-8.895992232491919e-16,0.6477702007735969,2-Isopropylmalate hydro-lyase [c0],2-Isopropylmalate <=> H2O + 2-Isopropylmaleate
rxn06865_c0,0.0,0.0,0.0,0.0,0.0,-7.88200822519895e-16,0.0,0.0,-6.767710289207545e-16,R05146 [c0],kdo2-lipid iva + Dodecanoyl-ACP --> Lauroyl-KDO2-lipid IV(A) + ACP
rxn05618_c0,-8.619054582905813e-16,-8.192575932953482e-19,-5.473718690354278e-16,2.0208370471704695e-16,-1.777569772930371e-16,-4.878871556087148e-17,9.591962563846356e-17,3.067225082114671e-17,5.814414528002213e-16,manganese transport in via proton symport [c0],Mn2+ [e0] + H+ [e0] --> Mn2+ + H+
rxn39451_c0,6.734710190970276e-16,-1.1159272134778165e-17,-2.0428410611865143e-15,1.2410794416882665e-17,9.563849896925827e-16,-1.9891802686427272e-16,-3.118007037959649e-15,6.01327539957009e-16,2.5060269032779067e-16,"2,3,4,5-tetrahydrodipicolinate:NADP+ 4-oxidoreductase [c0]","NADH + H+ + (2S,4S)-4-Hydroxy-2,3,4,5-tetrahydrodipicolinate <=> H2O + NAD + tetrahydrodipicolinate"
rxn05514_c0,0.0,0.0,0.0,0.0,2.0446130283367008e-32,-4.209529862734974e-31,0.0,-2.1845761823605278e-29,0.0,calcium transport in/out via proton antiporter [c0],Ca2+ + H+ [e0] <=> Ca2+ [e0] + H+
rxn00834_c0,-3.385109915351618e-16,-1.1159272134778165e-17,-8.959757340030609e-16,-4.705155166723673e-16,3.651778688508156e-30,-3.1724954814255374e-16,9.104089103670014e-15,4.810620319656074e-16,-1.9001439034174064e-16,IMP:NAD+ oxidoreductase [c0],H2O + NAD + IMP <=> NADH + H+ + XMP
rxn14333_c0,-4.5914954228552766e-17,-5.779772744907232e-16,-1.989232163057349e-15,3.991761071045657e-16,5.5819763719e-17,8.156496051377482e-16,2.1550707416658735e-16,1.7955701295895534e-15,-3.09235053946303e-16,"ditrans,dicis-pentaprenyl-diphosphate:isopentenyl-diphosphate pentaprenylcistransferase [c0]","Isopentenyldiphosphate + ditrans,dicis-Pentaprenyl diphosphate --> PPi + H+ + ditrans,tricis-Hexaprenyl diphosphate"
EX_cpd00048_e0,1.4089007987235605e-15,2.4186786725214188e-14,-1.1167246159538611e-14,2.2513195077709964e-14,-2.6165410257060636e-15,-2.5066821758390637e-16,1.270624067322112e-14,-7.381871372864294e-17,1.1486158214097336e-14,Exchange for Sulfate [e0],Sulfate [e0] <=> 
rxn05340_c0,2.7379178928770013e-17,-7.539547211005723e-16,-1.519578648482046e-16,6.781373745562265e-17,2.5722768806967938e-17,-2.085253804514808e-16,-9.423257217838965e-17,2.784191823771044e-16,2.3732723112604955e-16,(3R)-3-Hydroxydodecanoyl-[acyl-carrier-protein]:NADP+ oxidoreductase [c0],NADP + (3R)-3-Hydroxydodecanoyl-ACP <=> NADPH + H+ + 3-Oxododecanoyl-ACP
rxn00102_c0,-1.8177116453667302e-14,1.7871517210313563e-14,2.746844513580253e-14,1.4477740023512247e-14,1.3800024012604632e-15,,1.7550158461994655e-14,5.601960456769314e-15,1.9072447293984212e-14,carbonate hydro-lyase (carbon-dioxide-forming) [c0],H+ + H2CO3 <=> H2O + CO2
rxn01603_c0,-1.4999401554789037e-15,2.4442115412714047e-16,5.670965326513062e-16,4.345504662042206e-13,3.8869507663727594e-17,6.2462636358987555e-15,2.0135857652946705e-13,4.810620319656072e-16,-7.841889033815185e-16,"7,8-dihydropteroate:L-glutamate ligase (ADP-forming) [c0]",ATP + L-Glutamate + Dihydropteroate --> ADP + Phosphate + H+ + Dihydrofolate
rxn01643_c0,2.258838550766255e-15,1.6182019635435806e-16,1.3447244057801724e-16,2.093577703416682e-16,-2.7872295331910664e-15,6.967281685424871e-16,-9.294992156561177e-16,9.254338541087765e-16,9.39836535577583e-16,L-Aspartate-4-semialdehyde:NADP+ oxidoreductase (phosphorylating) [c0],NADPH + H+ + 4-Phospho-L-aspartate --> NADP + Phosphate + L-Aspartate4-semialdehyde
rxn03182_c0,-3.7914045738999135e-17,7.753097720522546e-16,7.907031712723258e-17,-7.262877856086706e-16,2.5674503995245456e-17,3.0289882637065353e-16,-1.1557921436894786e-15,1.3922037233307858e-15,-4.639174552246713e-16,CMP-3-deoxy-D-manno-oct-2-ulosonate:lipid IVA 3-deoxy-D-manno-oct-2-ulosonate transferase [c0],CMP-KDO + Lipid IV(A) <=> CMP + H+ + KDO-lipid IV(A)
rxn00100_c0,-3.746906360918838e-13,-5.717227952555343e-16,-2.126252085476853e-12,1.3298933719217457e-12,-6.612220556881946e-13,-1.8429940418908995e-13,6.816515052048684e-13,-1.487298480176641e-14,1.5611531335511442e-12,ATP:dephospho-CoA 3'-phosphotransferase [c0],ATP + Dephospho-CoA --> ADP + CoA + H+
rxn05006_c0,8.059282712332632e-19,-4.19115061571021e-16,-5.794972075679868e-17,1.3431302993921783e-16,-1.376493046109093e-16,8.348388645197169e-16,2.0154734365662666e-17,-3.947325573281057e-16,-4.639174552246713e-16,S-adenosyl-L-methionine:precorrin-1 C-methyltransferase [c0],S-Adenosyl-L-methionine + Precorrin 1 <=> S-Adenosyl-homocysteine + Precorrin 2
rxn01739_c0,2.4774847479726197e-16,7.753097720522546e-16,-1.444003226755022e-15,-2.4123880541026355e-16,4.001554350869685e-16,-1.5134714330727694e-16,3.685361274212409e-15,-1.4492749109853422e-16,-4.639174552246713e-16,ATP:shikimate 3-phosphotransferase [c0],ATP + Shikimate --> ADP + H+ + 3-phosphoshikimate
rxn00777_c0,-8.118633627053779e-15,-5.498684069400169e-15,1.4964036370515682e-14,1.1525632835817382e-14,-6.32321453860093e-15,1.6006674393408148e-14,6.204144128816758e-15,1.3724535545898451e-14,2.898559134488227e-15,D-ribose-5-phosphate aldose-ketose-isomerase [c0],ribose-5-phosphate <=> D-Ribulose5-phosphate
rxn02508_c0,1.510772075638539e-16,-1.040820258387252e-16,4.972488580143881e-17,-2.815627401351945e-16,3.4435139081543424e-16,2.7849788629933913e-16,3.7472680950855046e-16,7.791479197518351e-16,-4.443997868892049e-16,N-(5-Phospho-beta-D-ribosyl)anthranilate ketol-isomerase [c0],N-5-phosphoribosyl-anthranilate <=> 1-(2-carboxyphenylamino)-1-deoxyribulose 5-phosphate
rxn03080_c0,-4.603082057255152e-16,3.3299595174963953e-16,4.152963555716313e-16,1.6698506264142287e-16,3.4435139081543424e-16,2.3983721893098e-16,9.454162995258102e-16,-7.035224836814027e-16,-2.679270117474037e-16,5-amino-6-(D-ribitylamino)uracil butanedionetransferase [c0],5-Amino-6-(1-D-ribitylamino)uracil + 3-4-dihydroxy-2-butanone4-phosphate --> 2.0 H2O + Phosphate + H+ + 6-7-Dimethyl-8--1-D-ribityllumazine
bio1_biomass,0.0,0.0,0.0,0.0,0.0,0.0,0.0,0.0,0.0,GramNegativeBiomass,"53.633320980147 H2O + 53.633320980147 ATP + 0.00214538736074901 NAD + 0.00214538736074901 NADP + 0.00214538736074901 CoA + 0.00214538736074901 FAD + 0.00214538736074901 Pyridoxal phosphate + 0.00214538736074901 S-Adenosyl-L-methionine + 0.00214538736074901 Heme + 0.00214538736074901 Mn2+ + 0.00214538736074901 Zn2+ + 0.00214538736074901 GSH + 0.00214538736074901 Sulfate + 0.00214538736074901 TPP + 0.00214538736074901 Cu2+ + 0.00214538736074901 Ca2+ + 0.00214538736074901 Tetrahydrofolate + 0.00214538736074901 Cl- + 0.00214538736074901 Putrescine + 0.00214538736074901 Co2+ + 0.00214538736074901 10-Formyltetrahydrofolate + 0.00214538736074901 K+ + 0.00214538736074901 Riboflavin + 0.00214538736074901 Mg + 0.00214538736074901 Spermidine + 0.00214538736074901 5-Methyltetrahydrofolate + 0.00214538736074901 Siroheme + 0.0430129757525606 Bactoprenyl diphosphate + 0.0430129757525606 Lauroyl-KDO2-lipid IV(A) + 0.00214538736074901 Fe2+ + 0.00214538736074901 fe3 + 0.0163135131592289 DNA + 0.256322490462084 mRNA + 0.729636548111881 Protein + 0.033257289617049 phosphatidylethanolamine dioctadecanoyl + 0.033257289617049 1,2-dioctadecanoyl-sn-glycero-3-phosphoglycerol + 0.00214538736074901 Ubiquinone-8 --> 53.633320980147 ADP + 53.6311755927863 Phosphate + 53.633320980147 H+ + Biomass"
rxn00692_c0,0.7066062158862695,0.583183880942808,0.5172411283127,0.6095219809439163,0.5699570453582797,0.4973345924242138,6.0432163961766825e-15,0.6985589201317306,0.6452166720556992,"5,10-Methylenetetrahydrofolate:glycine hydroxymethyltransferase [c0]",H2O + Glycine + 5-10-Methylenetetrahydrofolate <=> L-Serine + Tetrahydrofolate
rxn03130_c0,8.822801560016502e-16,8.254878515413272e-16,5.739524879349182e-17,-1.535061948501075e-16,-2.8585628005202287e-16,1.3075968584900843e-16,6.186571271710039e-16,-6.459592339096292e-16,2.619037482415539e-16,"UDP-2,3-bis[(3R)-3-hydroxymyristoyl]-alpha-D-glucosamine 2,3-bis[(3R)-3-hydroxymyristoyl]-beta-D-glucosaminyl 1-phosphate phosphohydrolase [c0]","H2O + UDP-2,3-bis(3-hydroxytetradecanoyl)glucosamine --> 2.0 H+ + UMP + Lipid X"
rxn02939_c0,0.0,0.0,0.0,0.0,0.0,0.0,0.0,0.0,0.0,4-phospho-D-erythronate:NAD+ 2-oxidoreductase [c0],NAD + 4-Phosphoerythronate <=> NADH + H+ + 2-Oxo-3-hydroxy-4-phosphobutanoate
rxn03084_c0,1.2890868365715678e-14,5.2323051472581405e-14,-8.467452319276439e-14,-3.2591265298346634e-15,-2.5524369957841264e-15,1.7669420399523716e-14,2.1203731250172318e-14,-3.0471777824796653e-14,4.9708779659428693e-14,5'-Phosphoribosylformylglycinamide:L-glutamine amido-ligase (ADP-forming) [c0],H2O + ATP + L-Glutamine + N-Formyl-GAR --> ADP + Phosphate + L-Glutamate + H+ + 5'-Phosphoribosylformylglycinamidine
rxn01629_c0,7.016418042331893e-16,1.021333499629893e-31,7.306760201094861e-16,1.2525498076528607e-16,1.5639999993719002e-16,-2.5854672784552745e-17,-2.9932993739435282e-16,-8.895992232491915e-16,2.1071401631013903e-16,"(S)-4-Amino-5-oxopentanoate 4,5-aminomutase [c0]",5-Aminolevulinate <=> L-Glutamate1-semialdehyde
rxn01791_c0,1.1186865949054605e-12,4.772757342044617e-16,-2.1263716688209597e-12,7.025358801112402e-13,1.796930190346151e-13,-1.7260915812687946e-12,2.7875444322628148e-12,2.492293154841116e-13,2.7853392835933493e-13,(R)-Pantoate:beta-alanine ligase (AMP-forming) [c0],ATP + beta-Alanine + Pantoate --> PPi + AMP + 2.0 H+ + PAN
rxn00338_c0,-4.259800107942724e-13,-4.209917377291525e-13,4.465773436361846e-13,-8.36161069973312e-13,-3.126449907153205e-12,2.8176322178889e-13,1.932862350359291e-12,-8.674370410176549e-13,6.245963025714635e-13,L-aspartate:oxygen oxidoreductase [c0],O2 + L-Aspartate --> H2O2 + H+ + Iminoaspartate
rxn02503_c0,4.748353592538637e-16,4.87971946417235e-16,2.9518694473581293e-16,-5.082944833501316e-16,-4.069539418180162e-17,4.624670561553139e-16,2.0054146747232699e-13,-2.0274672824949375e-16,-3.562843952349113e-15,"ATP:2-amino-4-hydroxy-6-hydroxymethyl-7,8-dihydropteridine 6'-pyrophosphotransferase [c0]",ATP + 6-hydroxymethyl dihydropterin --> AMP + H+ + 2-Amino-4-hydroxy-6-hydroxymethyl-7-8-dihydropteridinediphosphate
rxn02320_c0,-2.262214365138828e-13,-1.5095711571218179e-15,-6.299928705126526e-16,-1.6416915642296164e-13,-1.547106216167352e-16,4.308101783222642e-16,-6.544250143864303e-14,-7.938047175900918e-14,-1.7842651546996794e-16,5-Amino-2-oxopentanoate:2-oxoglutarate aminotransferase [c0],2-Oxoglutarate + L-histidinol-phosphate <=> L-Glutamate + imidazole acetol-phosphate
rxn00122_c0,5.987485809852317e-16,3.3415886026478096e-16,1.101084213181274e-15,3.348650232566475e-16,-4.0695394181791187e-17,1.586491495659055e-16,1.245508132992171e-16,-4.932146468794948e-16,1.0363186785446233e-15,ATP:FMN adenylyltransferase [c0],ATP + FMN --> PPi + FAD
rxn00237_c0,-7.561771716578684e-17,-3.867818057204725e-16,-1.299913796189317e-15,-2.970262303665787e-16,-7.15295048457328e-17,-6.329063383383268e-17,7.397125911820065e-15,-2.4550841111367435e-15,4.1289300724087614e-16,ATP:GDP phosphotransferase [c0],ATP + GDP <=> ADP + GTP
rxn05195_c0,1.4501934676044394e-15,-1.862899888786082e-16,4.178294344894234e-16,-3.533160251407371e-16,2.4211795175671102e-17,-2.1762943581914015e-16,7.504725243792342e-17,-1.3218951750897952e-15,2.0680095253492076e-16,ATP phosphohydrolase (ferric-ion-transporting) [c0],H2O + ATP + fe3 [e0] --> ADP + Phosphate + H+ + fe3
rxn08013_c0,0.0,0.0,8.15555251641538e-29,0.0,2.0759850526507088e-45,3.276196309469132e-14,0.0,0.0,0.0,5'-deoxyadenosine ribohydrolase,H2O + 5'-Deoxyadenosine --> Adenine + 5'-deoxyribose
rxn00802_c0,9.609802360856456e-17,2.1839372736170453e-17,5.106804199315175e-16,3.663756374600393e-16,2.4211795175671102e-17,-1.4159076525459947e-16,-1.315526191121759e-16,-9.290953089991589e-16,6.259571355002391e-17,2-(Nomega-L-arginino)succinate arginine-lyase (fumarate-forming) [c0],L-Argininosuccinate <=> L-Arginine + Fumarate
rxn00786_c0,1.3245366064631836e-14,7.793315262128514e-15,2.89192019538884e-14,1.251691532267869e-15,2.9678428771275224e-15,1.3868551940211182e-15,5.709794404460964e-15,4.9100099108920835e-14,-1.2947758099977876e-14,"D-fructose-1,6-bisphosphate D-glyceraldehyde-3-phosphate-lyase (glycerone-phosphate-forming) [c0]","D-fructose-1,6-bisphosphate <=> Glycerone-phosphate + Glyceraldehyde3-phosphate"
rxn01100_c0,-3.2020839498592757e-14,-2.417304678545937e-14,6.223337299256356e-14,2.2961977105011155e-14,1.9046076286815343e-14,2.8737903858308698e-15,4.8937574309729447e-14,-4.1675037948193096e-14,5.292143519619599e-16,ATP:3-phospho-D-glycerate 1-phosphotransferase [c0],"ATP + 3-Phosphoglycerate <=> ADP + 1,3-Bisphospho-D-glycerate"
rxn05468_c0,-3.572705370778254e-17,-5.082109682744893e-31,,-2.575878507313642e-13,,-3.028199560533185e-15,-1.4066651266083413e-29,-6.166597317922219e-16,2.0917058706153906e-15,TRANS-RXNAVI-26568.ce [c0],O2 [e0] --> O2
rxn03843_c0,5.435548527404399e-16,-1.571828556918969e-15,-4.3621058192330406e-16,-6.142404733190115e-16,-6.054576047254609e-17,5.54713091601667e-16,9.366133698792723e-17,2.480085087153842e-16,1.830549495608778e-16,Farnesyl diphosphate:Isopentenyl diphosphate farnesyl cistransferase [c0],"Isopentenyldiphosphate + Farnesyldiphosphate --> PPi + H+ + trans,trans,cis-Geranylgeranyl diphosphate"
rxn05341_c0,9.896087214048713e-16,5.694338812132242e-16,3.9861536255294776e-16,3.2407924554898203e-16,-1.6344570927543634e-16,-7.496989836782107e-16,1.494568586841787e-16,2.8130196520248333e-16,-2.1571823133327623e-16,(3R)-3-Hydroxyoctanoyl-[acyl-carrier-protein]:NADP+ oxidoreductase [c0],NADP + (3R)-3-Hydroxyoctanoyl-ACP <=> NADPH + H+ + 3-Oxooctanoyl-ACP
rxn00048_c0,-1.1524861536952348e-16,5.694338812132242e-16,-1.3009524680630094e-16,-7.048179187903284e-17,-6.054576047254609e-17,-3.51043276613804e-16,-3.3915392448460254e-16,6.980272579389096e-16,-7.609106003127905e-16,"6,7-Dimethyl-8-(1-D-ribityl)lumazine:6,7-dimethyl-8-(1-D-ribityl)lumazine 2,3-butanediyltransferase [c0]",H+ + 2.0 6-7-Dimethyl-8--1-D-ribityllumazine --> Riboflavin + 5-Amino-6-(1-D-ribitylamino)uracil
rxn02304_c0,4.0426791977886127e-16,-3.737703952194907e-16,-4.3621058192330406e-16,-7.048179187903284e-17,-6.054576047254609e-17,3.620172843672354e-16,5.454942686052144e-16,-4.617065499674503e-15,-1.7744674486655003e-16,Protoporphyrinogen-IX:oxygen oxidoreductase,3.0 O2 + 2.0 ProtoporphyrinogenIX --> 6.0 H2O + 2.0 Protoporphyrin
rxn14011_c0,4.360795046494222e-16,2.1472016820350202e-16,1.008404098328958e-15,3.3770333344736376e-16,-4.888098027092716e-16,-2.5818164995801543e-16,-8.769871599017027e-16,1.0741103627716752e-15,-3.18252179541683e-17,"ditrans,pentacis-octaprenyl-diphosphate:isopentenyl-diphosphate octaprenylcistransferase [c0]","Isopentenyldiphosphate + ditrans,pentacis-Octaprenyl diphosphate --> PPi + H+ + ditrans,hexacis-Nonaprenyl diphosphate"
rxn02175_c0,-1.6162280204355664e-13,-1.2392972619089272e-14,-2.1262622268080435e-12,1.0632096463084733e-12,-2.47255001460726e-13,1.3931228131930197e-12,3.3781962571883313e-12,9.461281925287469e-13,-1.7388997359746634e-12,ATP:pantetheine-4'-phosphate adenylyltransferase [c0],ATP + Phosphopantetheine --> PPi + Dephospho-CoA
rxn00770_c0,-2.921310022114808e-14,3.8944867523496866e-14,9.612267530345037e-14,-4.1855108718427984e-14,3.2559773472984624e-15,9.460482308460402e-15,-2.4605790968995467e-15,-1.584351217829588e-15,-2.7600247950839854e-14,ATP:D-ribose-5-phosphate diphosphotransferase [c0],ATP + ribose-5-phosphate <=> AMP + H+ + PRPP
rxn05348_c0,-1.1552414108250737e-15,7.936495904122249e-18,1.6586588893102923e-16,3.5575699284214227e-16,1.6695391449242943e-16,2.4199172861913705e-16,-1.876582630590785e-16,-1.4006630056145398e-16,-1.1225340244177537e-17,Decanoyl-[acyl-carrier protein]:malonyl-[acyl-carrier-protein] C-acyltransferase (decarboxylating) [c0],H+ + Decanoyl-ACP + Malonyl-ACP --> CO2 + 3-Oxododecanoyl-ACP + ACP
rxn03908_c0,3.867077688405663e-16,7.27126546556721e-16,-1.844401594254078e-17,-9.018400547616402e-16,-1.9790605478477374e-16,-3.985178410636574e-17,1.5393658063490163e-16,-8.895992232491913e-16,-2.5981780165682805e-18,ATP:4-(Cytidine 5'-diphospho)-2-C-methyl-D-erythritol 2-phosphotransferase [c0],ATP + 4--cytidine5-diphospho-2-C-methyl-D-erythritol --> ADP + H+ + 2-phospho-4--cytidine5-diphospho-2-C-methyl-D-erythritol
rxn02834_c0,2.4703810687292743e-16,-5.951731547264023e-16,2.8459150442152493e-16,1.4781015107742662e-16,-3.361903134369947e-16,8.076946422598452e-17,3.900338279377394e-16,-3.846281550407124e-16,1.980189825778799e-16,Phosphoribosyl-ATP pyrophosphohydrolase [c0],H2O + Phosphoribosyl-ATP --> PPi + 2.0 H+ + Phosphoribosyl-AMP
rxn09128_c0,0.0,0.0,0.0,0.0,0.0,0.0,0.0,0.0,0.0,"Phospholipase A1 (phosphatidate, n-C18:0) (periplasm) [c0]","H2O + 1,2-dioctadecanoyl-sn-glycerol 3-phosphate <=> H+ + Octadecanoate + 2-octadecanoyl-sn-glycerol 3-phosphate"
cpd15380_transport,-5.543242755690215e-16,3.0851219059435814e-16,6.260386543725186e-16,-7.653291557402275e-17,3.5761874559428044e-16,-1.9492579145469177e-17,-3.445590812837864e-16,-9.267594421601243e-17,9.070359633846083e-17,5'-deoxyribose transport by diffusion,5'-deoxyribose <=> 5'-deoxyribose [e0]
rxn03159_c0,0.0,0.0,0.0,0.0,0.0,0.0,0.0,0.0,0.0,"UDP-2,3-bis(3-hydroxytetradecanoyl)glucosamine:2,3-bis-(3-hydroxytetradecanoyl)-alpha-D-glucosaminyl-1-phosphate 2,3-bis(3-hydroxytetradecanoyl)-glucosaminyltransferase [c0]","UDP-2,3-bis(3-hydroxytetradecanoyl)glucosamine + Lipid X <=> UDP + Lipid A disaccharide"
rxn19704_c0,1.9336372472366624e-16,-2.0464047911914783e-16,1.0694976948443378e-15,-1.0788314810316388e-16,-4.707750569939907e-16,2.00225293196927e-16,4.231605834425275e-16,-1.198500135319203e-16,-2.5827230525715045e-16,Flavodoxin--NADP(+) reductase [c0],NADP + H+ + Reduced flavodoxin <=> NADPH + Oxidized flavodoxin
rxn06076_c0,2.9896800137396027e-17,-6.972042538481102e-16,-2.6826291488631086e-16,-1.452386169855765e-16,-4.707750569939907e-16,-3.222954368275577e-16,1.873776922065422e-16,-5.38424952400351e-16,-2.1899682955920774e-16,2'-Deoxycytidine diphosphate:oxidized-thioredoxin 2'-oxidoreductase [c0],CDP + Reduced thioredoxin --> H2O + dCDP + Oxidized thioredoxin
rxn12510_c0,-3.3616698748209253e-13,-3.281932065262012e-12,-2.1275122009010018e-12,-3.7715703078207844e-13,1.7711506043058494e-12,2.3756430510420367e-14,3.2363047341289245e-12,-1.834317935676164e-13,-4.90348510979486e-13,ATP:pantothenate 4'-phosphotransferase [c0],ATP + PAN --> ADP + H+ + 4-phosphopantothenate
rxn16823_c0,5.668351210152985e-16,1.4101019029831536e-16,-9.158198130329862e-16,-1.3639168414174722e-17,-1.4804719573694214e-16,-2.600721598896074e-16,-1.9673637917009368e-16,-1.8641325073276191e-16,-1.917585014400679e-16,thiazole tautomerase,"2-[(2R,5Z)-2-Carboxy-4-methylthiazol-5(2H)-ylidene]ethyl phosphate --> 2-(2-Carboxy-4-methylthiazol-5-yl)ethyl phosphate"
rxn02264_c0,-4.109420442198961e-16,-3.668123226180606e-16,3.144754470262034e-16,-1.0788314810316388e-16,1.2205570386057093e-17,2.4434856648121555e-16,1.6044147534559883e-16,-1.1384768304553211e-16,-3.83517002880139e-16,Hydroxymethylbilane hydro-lyase(cyclizing) [c0],Hydroxymethylbilane <=> H2O + UroporphyrinogenIII
rxn00459_c0,-8.932442050375776e-15,3.6886046454180917e-14,4.7678126469949175e-14,-2.7944030332034817e-14,-2.7412838423292943e-16,-1.4499248366698497e-14,-3.177153159542287e-14,7.387584991855131e-16,5.4075897406099866e-14,2-phospho-D-glycerate hydro-lyase (phosphoenolpyruvate-forming) [c0],2-Phospho-D-glycerate <=> H2O + Phosphoenolpyruvate
rxn05030_c0,4.0795889400037373e-16,7.253215584244385e-17,-2.1597128086087974e-16,-1.3639168414174722e-17,2.6335669373746096e-16,1.295815033663865e-16,2.3204566972800967e-16,-3.4458815982028583e-16,-2.0185249126522756e-15,"di-trans,poly-cis-decaprenyl-diphosphate:isopentenyl-diphosphate undecaprenylcistransferase [c0]",Isopentenyldiphosphate + all trans Decaprenyl diphosphate --> PPi + H+ + Bactoprenyl diphosphate
rxn05339_c0,1.265296633393437e-15,2.353779814918427e-16,-1.6805343303844854e-16,4.438834344232193e-16,-1.599424664806887e-17,-6.364811158938048e-17,8.339308620967101e-17,-1.473102259230815e-15,-5.482598387666139e-16,(3R)-3-Hydroxybutanoyl-[acyl-carrier protein]:NADP+ oxidoreductase [c0],NADP + (3R)-3-Hydroxybutanoyl-ACP <=> NADPH + H+ + Acetoacetyl-ACP
EX_cpd00205_e0,2.7181714851550492e-17,-2.0201451349941659e-16,-1.6805343303844854e-16,2.960756759347981e-17,-4.944276212813058e-16,-7.52565088308065e-17,-6.293160814490464e-16,2.4372434576706276e-16,-4.536012144633097e-16,Exchange for K+ [e0],K+ [e0] <=> 
rxn05324_c0,-5.993951986034774e-16,0.0,0.0,5.908207299836762e-17,0.0,5.300599031318491e-14,1.910539210257032e-16,2.358682295520709e-13,-1.3641805041747787e-16,"Dodecanoyl-[acyl-carrier protein]:malonyl-CoA C-acyltransferase(decarboxylating, oxoacyl- and enoyl-reducing) [c0]",NADH + H+ + (2E)-Dodecenoyl-ACP --> NAD + Dodecanoyl-ACP
rxn01740_c0,-7.211957262159096e-16,-3.72167043807726e-17,-1.398398763224595e-15,-5.793784434015183e-16,-1.1613135790716682e-15,-1.963301912168165e-15,2.796197139077339e-15,1.2809329691546287e-16,4.343011779860339e-15,Shikimate:NADP+ 3-oxidoreductase [c0],NADP + Shikimate <=> NADPH + H+ + 3-Dehydroshikimate
rxn03087_c0,-2.535416246723725e-16,-5.08805006140298e-16,1.0078298631630785e-15,1.070595393261644e-15,-1.5494124725891553e-15,-4.993952424098019e-15,4.164955347337489e-16,4.1910167769701213e-16,-7.085447965994515e-16,"N-Succinyl-L-2,6-diaminoheptanedioate:2-oxoglutarate amino-transferase","L-Glutamate + N-Succinyl-L-2-amino-6-oxopimelate <=> 2-Oxoglutarate + N-Succinyl-L-2,6-diaminopimelate"
rxn00126_c0,-7.688118171047426e-16,-5.08805006140298e-16,1.3697976969967268e-15,-1.2259872024554015e-16,-4.122055311927596e-16,-4.6550313560083356e-14,2.989676617030171e-16,2.586737135338584e-16,-7.939333757092316e-15,ATP:L-methionine S-adenosyltransferase [c0],H2O + ATP + L-Methionine --> Phosphate + PPi + S-Adenosyl-L-methionine + H+
EX_cpd00030_e0,7.161383016649732e-17,-8.023791056833387e-16,1.289856877035918e-15,1.624863133388766e-16,7.53973593988302e-17,4.838264709264406e-16,3.0657677244565255e-16,-3.901058714280756e-16,2.4220458796912988e-17,Exchange for Mn2+ [e0],Mn2+ [e0] <=> 
rxn03062_c0,0.0,0.0,0.0,0.0,0.0,0.4992881333706883,0.0,0.0,0.6477702007736003,3-Isopropylmalate:NAD+ oxidoreductase [c0],NAD + 3-Isopropylmalate <=> NADH + H+ + 2-isopropyl-3-oxosuccinate
rxn05338_c0,-4.781445242284092e-16,0.0,0.0,4.014585121285126e-16,0.0,-4.770275591452487e-16,-5.975969907622924e-16,9.093959883818155e-14,-1.6016885056134516e-15,(3R)-3-Hydroxydecanoyl-[acyl-carrier-protein]:NADP+ oxidoreductase [c0],NADP + (3R)-3-Hydroxydecanoyl-ACP <=> NADPH + H+ + 3-Oxodecanoyl-ACP
rxn03394_c0,-4.035521203467156e-16,-2.1511873005701235e-16,6.522481638977541e-16,6.80993892934628e-17,6.736372774899394e-16,1.2073345757644814e-15,-2.593869249260832e-17,-1.163463917490766e-15,4.342847283127231e-16,R04987 [c0],NADPH + O2 + H+ + 2-Octaprenylphenol --> H2O + NADP + 2-Octaprenyl-6-hydroxyphenol
rxn02404_c0,-6.1716836397921865e-16,8.723495461631307e-16,-4.102977551783685e-17,-9.973020415806012e-17,-1.3985361939980732e-16,-2.598632558327794e-16,-1.2891256320371525e-17,2.37743112303198e-16,6.262784883789738e-16,3-Deoxy-D-manno-octulosonate-8-phosphate 8-phosphohydrolase [c0],H2O + 3-Deoxy-D-manno-octulosonate8-phosphate --> Phosphate + KDO
rxn09113_c0,-2.79670192026933e-16,-1.3768967777875285e-15,2.2528561724756377e-17,-1.6621630051459247e-16,2.447852113971054e-16,6.307052184047888e-16,-1.2891256320371525e-17,-9.191995240600421e-17,3.472406398080087e-16,Phosphatidylglycerol synthase (n-C18:0) [c0],"Glycerol-3-phosphate + CDP-1,2-dioctadecanoylglycerol <=> CMP + Phosphatidylglycerophosphate dioctadecanoyl"
rxn00141_c0,1.5471037237988154e-16,-5.65599522837544e-16,3.4654463506525054e-16,-2.787284801301833e-16,2.5905338473437404e-16,-2.598632558327794e-16,-3.2442012475662574e-16,-1.334458719474012e-16,1.0615642416987695e-14,S-Adenosyl-L-homocysteine hydrolase [c0],H2O + S-Adenosyl-homocysteine --> Homocysteine + Adenosine
rxn00029_c0,3.66117536692699e-17,-5.65599522837544e-16,3.4654463506525054e-16,2.9950332169434944e-17,-1.3985361939980732e-16,-5.810397598229284e-16,1.2963116235059709e-15,-7.264795501964081e-16,2.480290284342919e-16,5-aminolevulinate hydro-lyase (adding 5-aminolevulinate and cyclizing; porphobilinogen-forming) [c0],2.0 5-Aminolevulinate --> 2.0 H2O + H+ + Porphobilinogen
rxn05344_c0,-2.9643459263349074e-14,0.0,0.0,-2.5089586640255817e-14,0.0,0.0,-9.463509513063197e-16,2.1811855804650912e-13,-1.963173626423705e-15,Tetradecanoyl-[acyl-carrier protein]:malonyl-[acyl-carrier-protein] C-acyltransferase (decarboxylating) [c0],H+ + Tetradecanoyl-ACP + Malonyl-ACP --> CO2 + 3-Oxohexadecanoyl-ACP + ACP
EX_cpd01042_e0,3.6499690571119886e-16,-1.1443681403536774e-16,-2.860753526632066e-17,3.644610671521748e-17,5.949945062296873e-16,-9.249461136549274e-16,-8.079244967876372e-19,2.6330096375132483e-16,9.340753196175609e-16,Exchange of p-Cresol [e0],p-Cresol [e0] --> 
rxn01974_c0,2.939979900850029e-16,-1.785419123999568e-16,-7.602971042688389e-16,-1.9178999822091654e-16,-1.0996303747532962e-15,-4.518621177574688e-15,-1.228204901606583e-15,2.1342292896869358e-16,-5.191100731966257e-16,"LL-2,6-Diaminoheptanedioate 2-epimerase [c0]","LL-2,6-Diaminopimelate <=> meso-2,6-Diaminopimelate"
rxn01241_c0,0.5743062938816147,0.454436717816733,-2.306701593543255e-15,0.5655849209866631,,,-8.453163124297941e-16,0.5653055683480073,0.4821971072282607,Dihydrolipoamide:NAD+ oxidoreductase [c0],NAD + Protein N6-(dihydrolipoyl)lysine <=> NADH + H+ + Protein N6-(lipoyl)lysine [c0]
rxn00493_c0,-1.3313724444262319e-16,-1.3175710319201648e-15,-1.637780621978177e-17,1.8562825339141535e-16,2.534483123975469e-32,2.307215982124232e-30,7.387274896523697e-17,1.550997287297469e-16,-6.40953972564103e-16,L-Phenylalanine:2-oxoglutarate aminotransferase [c0],2-Oxoglutarate + L-Phenylalanine <=> L-Glutamate + Phenylpyruvate
rxn05325_c0,1.2359167504952547e-16,-6.66124665210772e-16,7.639644050287894e-16,-7.65090453563657e-17,-5.119482337275298e-16,6.194314421828852e-16,-1.2841824886653898e-16,2.0271036482493378e-17,1.5142077907436206e-16,"Octanoyl-[acyl-carrier protein]:malonyl-CoA C-acyltransferase(decarboxylating, oxoacyl- and enoyl-reducing) [c0]",NADH + H+ + (2E)-Octenoyl-ACP --> NAD + Octanoyl-ACP
rxn00555_c0,-4.881356525194013e-16,-1.2239052710069674e-16,7.639644050287894e-16,-2.9417924644760736e-16,-2.863283638474972e-16,-4.369403510266167e-16,-1.3499486768474277e-15,-9.173522962465304e-16,-2.221902745563373e-16,L-glutamine:D-fructose-6-phosphate isomerase (deaminating) [c0],L-Glutamine + D-fructose-6-phosphate <=> L-Glutamate + D-Glucosamine phosphate
rxn08801_c0,3.3446548212988285e-16,-1.3943349997344359e-15,-1.0316062914339796e-15,-6.150607948705785e-16,-5.0330122499457095e-18,6.229445408678983e-16,2.6242519990429735e-16,2.7798371097133593e-16,5.914911888353987e-16,"Lysophospholipase L1 (2-acylglycerophosphotidate, n-C18:0) (periplasm) [c0]",H2O + 1-octadecanoyl-sn-glycerol 3-phosphate <=> H+ + Glycerol-3-phosphate + Octadecanoate
rxn05289_c0,0.0,-1.9771864750621915e-13,-4.9872660908946904e-14,0.0,-5.858808674770782e-14,-3.0176882751178024e-13,-7.274690149514512e-14,-2.291738868822266e-13,-1.3784451982375604e-13,NADPH:oxidized-thioredoxin oxidoreductase [c0],NADP + Reduced thioredoxin <=> NADPH + H+ + Oxidized thioredoxin
rxn03031_c0,1.6446552053673083e-16,1.442056967324701e-16,5.649593189253166e-16,-2.7406640607675203e-16,-2.033478719349429e-15,-5.1061782253162985e-15,-3.7279822693006755e-15,1.244436304607111e-15,4.726028659733654e-16,"Succinyl-CoA:2,3,4,5-tetrahydropyridine-2,6-dicarboxylate N-succinyltransferase [c0]",H2O + Succinyl-CoA + tetrahydrodipicolinate --> CoA + N-Succinyl-L-2-amino-6-oxopimelate
rxn00117_c0,2.3952107610759853e-16,-1.476993629838961e-15,-7.430059471045366e-16,-4.500817578049328e-16,-5.762500991039043e-17,2.725360783481003e-16,-2.2485080857995137e-16,1.1551775281350792e-15,1.0560667214196065e-15,ATP:UDP phosphotransferase [c0],ATP + UDP <=> ADP + UTP
rxn05336_c0,3.439492133180726e-16,3.803708106087393e-16,-4.776045568741642e-16,-3.287889282666311e-16,3.2650895994272924e-16,-5.0888767063244326e-18,2.0481367241382542e-16,4.271104472755282e-16,-9.959307940797285e-16,(3R)-3-Hydroxypalmitoyl-[acyl-carrier-protein]:NADP+ oxidoreductase [c0],NADP + (3R)-3-Hydroxyhexadecanoyl-ACP <=> NADPH + H+ + 3-Oxohexadecanoyl-ACP
rxn00256_c0,0.7055933524937719,0.5366178427870908,0.4883750844597228,0.5782627592461052,0.538075679410486,-6.574401568759138e-16,0.5545565160160082,0.7005050749790817,0.643866735451907,acetyl-CoA:oxaloacetate C-acetyltransferase (thioester-hydrolysing) [c0],H2O + Acetyl-CoA + Oxaloacetate --> CoA + H+ + Citrate
EX_cpd15380_e0,7.055128586744855e-16,1.0283022868791877e-15,-1.8834637667507507e-16,1.2868276733694607e-16,1.677099623327354e-17,-2.6946396395575588e-17,-2.1544150781717467e-15,-2.1015127511178248e-17,8.405208847721907e-13,Exchange of 5'-deoxyribose [e0],5'-deoxyribose [e0] --> 
rxn01332_c0,2.0046178553363002e-16,1.0283022868791877e-15,1.9859227445452068e-16,-9.614376249645425e-17,-1.6332902836241804e-17,-1.3151737617125228e-16,6.778737205775134e-16,1.3146225309833194e-15,5.5050674655585796e-15,"Phosphoenolpyruvate:D-erythrose-4-phosphate C-(1-carboxyvinyl)transferase (phosphate hydrolysing, 2-carboxy-2-oxoethyl-forming) [c0]",H2O + Phosphoenolpyruvate + D-Erythrose4-phosphate --> Phosphate + DAHP
rxn00060_c0,-4.631546171802881e-17,8.516535735938873e-31,-2.120618516900084e-29,1.0826776359706226e-15,5.4510947598575307e-48,-7.360607627294425e-30,-4.9994892673575135e-30,-1.9819126822413838e-29,-1.9827875126315738e-15,porphobilinogen:(4-[2-carboxyethyl]-3-[carboxymethyl]pyrrol-2-yl)methyltransferase (hydrolysing) [c0],H2O + 4.0 Porphobilinogen --> 4.0 NH3 + Hydroxymethylbilane
EX_cpd00058_e0,-5.835265689031851e-16,1.0705224710511864e-16,1.9859227445452068e-16,-1.984166554936275e-16,-3.2678759134194955e-17,1.1765649689671429e-15,-3.709949160098374e-16,-2.3554953277261774e-16,2.717975592168838e-16,Exchange for Cu2+ [e0],Cu2+ [e0] <=> 
rxn00737_c0,0.0,0.0,0.0,0.0,0.5729582543713089,0.0,0.0,0.0,0.6477702007735964,L-threonine ammonia-lyase (2-oxobutanoate-forming) [c0],L-Threonine --> NH3 + 2-Oxobutyrate
rxn00710_c0,0.0,0.0,0.0,0.0,9.101098430489527e-17,0.0,0.0,0.0,-1.8331123634843208e-16,orotidine-5'-phosphate carboxy-lyase (UMP-forming) [c0],H+ + Orotidylic acid --> CO2 + UMP
rxn20643_c0,-6.535127513002593e-16,1.3495025972700439e-16,1.9859227445452068e-16,2.461207485599573e-16,4.4860860534730655e-17,-1.1641064161551856e-16,-2.1544150781717475e-15,-1.7251061236339644e-16,-1.841486808395171e-16,thiC (gene name) [c0],S-Adenosyl-L-methionine + AIR --> Formate + L-Methionine + 2.0 H+ + CO + 4-Amino-5-phosphomethyl-2-methylpyrimidine + 5'-Deoxyadenosine
rxn05296_c0,0.0,-7.493076376351633e-16,-1.8834637667507507e-16,0.0,0.0,-3.492319248465557e-16,9.305967816332616e-32,-1.3251535947176285e-17,0.0,Protein synthesis,27.684983832597 H2O + 35.5949792133389 ATP + 0.388588889398408 L-Glutamate + 0.904337964148734 Glycine + 0.759012038032257 L-Alanine + 0.506271296960121 L-Lysine + 0.356206481948541 L-Aspartate + 0.437557407981134 L-Arginine + 0.388588889398408 L-Glutamine + 0.31829537078772 L-Serine + 0.226676852149071 L-Methionine + 0.0837203704801448 L-Tryptophan + 0.274065741100097 L-Phenylalanine + 0.214039815095465 L-Tyrosine + 0.135058333510422 L-Cysteine + 0.665813889761907 L-Leucine + 0.140587037221375 L-Histidine + 0.326983333762075 L-Proline + 0.356206481948541 L-Asparagine + 0.624743519337685 L-Valine + 0.3743722227131 L-Threonine + 0.42886944500678 L-Isoleucine --> 35.5949792133389 ADP + 35.5949792133389 Phosphate + 35.5949792133389 H+ + Protein
rxn00416_c0,-6.486613197378652e-16,1.5868781625687417e-15,4.812350548002624e-16,-2.1996843418066975e-16,-4.601805545112993e-17,-5.820532080775928e-16,9.305967816332616e-32,-6.61552752106917e-16,2.9419430507056713e-16,L-aspartate:L-glutamine amido-ligase (AMP-forming) [c0],H2O + ATP + L-Aspartate + L-Glutamine --> PPi + AMP + L-Glutamate + 2.0 H+ + L-Asparagine
rxn09037_c0,6.47732469870585e-16,1.5582864440495367e-16,-4.116113696680602e-16,-2.4918506468925764e-16,-3.7167671921139336e-17,3.3756708629090896e-16,5.641218186009805e-16,-1.7240136736927616e-16,-7.7489935459178e-17,"(2E,6E)-farnesyl-diphosphate:isopentenyl-diphosphate farnesyltranstransferase (adding 5 isopentenyl units) [c0]",5.0 Isopentenyldiphosphate + Farnesyldiphosphate --> 5.0 PPi + 5.0 H+ + Farnesylfarnesylgeraniol
rxn08239_c0,4.712451649712877e-17,-4.326192884095719e-16,1.1671373422048862e-16,1.190085896936514e-16,1.5728417419333978e-16,4.993466227200879e-16,-1.075063214039794e-16,-2.5762577687373253e-16,1.773062133745596e-15,Cobalt (Co+2) ABC transporter,H2O + ATP + Co2+ [e0] --> ADP + Phosphate + H+ + Co2+
rxn01331_c0,4.6885149285685705e-16,-4.326192884095719e-16,-8.875316178901558e-17,5.871654639072617e-16,1.5728417419333978e-16,7.115449103906144e-17,1.8144216068639108e-15,-2.9021488718793806e-16,-2.3646178431940806e-16,D-erythrose 4-phosphate:NAD+ oxidoreductase [c0],H2O + NAD + D-Erythrose4-phosphate --> NADH + 2.0 H+ + 4-Phosphoerythronate
rxn40037_c0,-6.574814215427093e-16,-4.326192884095719e-16,1.668065623731957e-16,-3.908352825492946e-16,-7.015654590612717e-15,-5.961426683892474e-15,-2.7626050013556944e-15,-3.1569656847417608e-16,4.729235686388161e-16,"L-aspartate-4-semialdehyde hydro-lyase [adding pyruvate and cyclizing; (2S,4S)-4-hydroxy-2,3,4,5-tetrahydrodipicolinate-forming] [c0]","Pyruvate + L-Aspartate4-semialdehyde --> H2O + H+ + (2S,4S)-4-Hydroxy-2,3,4,5-tetrahydrodipicolinate"
rxn03395_c0,-6.577251195962162e-16,-1.0484657641960342e-15,2.156018314737265e-16,2.1819854313099866e-16,-2.414173643002618e-16,-1.3022769241167113e-17,2.631052382243518e-16,-3.5800253699552363e-16,-4.729235686388161e-16,"S-adenosyl-L-methionine:3-(all-trans-octaprenyl)benzene-1,2-diol 2-O-methyltransferase [c0]",S-Adenosyl-L-methionine + 2-Octaprenyl-6-hydroxyphenol <=> S-Adenosyl-homocysteine + H+ + 2-Octaprenyl-6-methoxyphenol
rxn00549_c0,-6.430104932849114e-15,-4.290158927800444e-15,3.770988632880911e-14,7.058265744063641e-15,3.4207116927124766e-14,4.476734552204108e-15,-8.33283424976547e-14,-9.043177970742311e-15,4.9393229847825946e-14,"D-Fructose-1,6-bisphosphate 1-phosphohydrolase [c0]","H2O + D-fructose-1,6-bisphosphate --> Phosphate + D-fructose-6-phosphate"
rxn13957_c0,1.4447467437603511e-16,-1.3524158270009942e-16,-5.917897061461547e-16,2.2864133189264934e-16,2.8293767395466306e-15,-6.082465793851366e-16,2.712635360258385e-16,7.049504824523207e-17,1.862385622078045e-16,"ditrans,hexacis-nonaprenyl-diphosphate:isopentenyl-diphosphate nonaprenylcistransferase [c0]","Isopentenyldiphosphate + ditrans,hexacis-Nonaprenyl diphosphate --> PPi + 3.0 H+ + all trans Decaprenyl diphosphate"
rxn00789_c0,0.0,0.0,0.0,0.0,0.0,0.0,0.0,0.0,0.0,1-(5-phospho-D-ribosyl)-ATP:diphosphate phospho-alpha-D-ribosyl-transferase [c0],ATP + PRPP --> PPi + H+ + Phosphoribosyl-ATP
rxn05345_c0,-4.425850443174786e-16,4.057587286014532e-17,-4.451968303263226e-17,1.19973901879776e-16,5.828474836140238e-17,1.2942700320434469e-17,4.2730060029994484e-16,-1.224264561845236e-16,1.5326111955221382e-15,dodecanoyl-[acyl-carrier-protein]:malonyl-[acyl-carrier-protein] C-acyltransferase (decarboxylating) [c0],H+ + Dodecanoyl-ACP + Malonyl-ACP --> CO2 + 3-Oxotetradecanoyl-ACP + ACP
rxn02331_c0,5.4699979122225803e-17,7.542863614255552e-18,-7.60928188051622e-17,1.7942720983989614e-16,-4.218316170736261e-16,2.615677745588661e-16,-6.325525649054289e-16,2.1192550449296007e-16,6.478417541229269e-16,"phosphoenolpyruvate:D-arabinose-5-phosphate C-(1-carboxyvinyl)transferase (phosphate-hydrolysing, 2-carboxy-2-oxoethyl-forming) [c0]",H2O + Phosphoenolpyruvate + D-Arabinose5-phosphate --> Phosphate + 3-Deoxy-D-manno-octulosonate8-phosphate
rxn03181_c0,6.743558945955954e-17,-3.15385952164232e-16,-1.3701428504761002e-16,9.092337308795305e-16,3.5598972581452654e-16,1.7483314415597743e-16,5.281780757951587e-16,9.335732148357055e-17,-3.2139060865611833e-16,"ATP:2,3,2',3'-tetrakis(3-hydroxytetradecanoyl)-D-glucosaminyl-beta-D-1,6-glucosaminyl-alpha-phosphate 4-O'-phosphotransferase [c0]",ATP + Lipid A disaccharide --> ADP + H+ + Lipid IV(A)
rxn05005_c0,6.395899687229806e-16,4.1458488898385607e-16,-1.6747902966570142e-16,-2.6718697414475133e-16,2.826749537611636e-17,-1.6021555202822406e-16,3.4062746425131005e-16,-2.111658902218203e-16,7.647082790850013e-16,S-adenosyl-L-methionine:uroporphyrinogen-III C-methyltransferase [c0],S-Adenosyl-L-methionine + UroporphyrinogenIII <=> S-Adenosyl-homocysteine + H+ + Precorrin 1
thiazol_synth,-4.1911302042632333e-16,-2.467437330591319e-16,-1.6747902966570142e-16,-1.6370325148582118e-16,-9.555650007822396e-17,3.582224872110899e-16,-1.1559629932930372e-16,-9.381564566578362e-16,6.604494032165448e-16,thiazole synthase [c0],"ATP + L-Cysteine + 1-deoxy-D-xylulose5-phosphate + Reducedferredoxin + Iminoglycine --> 2.0 H2O + PPi + AMP + L-Alanine + Oxidizedferredoxin + 2-[(2R,5Z)-2-Carboxy-4-methylthiazol-5(2H)-ylidene]ethyl phosphate"
rxn01465_c0,-3.452106889520406e-16,-1.5138367893831082e-16,3.0801606332108695e-16,2.367211375792091e-16,9.17721092705514e-17,4.4077715895978637e-16,-1.345780520936517e-16,-3.67329923895222e-16,6.604494032165452e-16,(S)-dihydroorotate amidohydrolase [c0],H2O + S-Dihydroorotate <=> H+ + N-Carbamoyl-L-aspartate
rxn01434_c0,3.5281841730034593e-16,-2.467437330591319e-16,3.0801606332108695e-16,-2.723038518620327e-17,4.275886665576673e-17,4.4077715895978637e-16,-1.1559629932930372e-16,3.7076867527792413e-16,7.698554777030437e-17,L-Citrulline:L-aspartate ligase (AMP-forming) [c0],ATP + L-Aspartate + Citrulline --> PPi + AMP + 2.0 H+ + L-Argininosuccinate
rxn05332_c0,-7.549890480323208e-17,2.238647807422138e-16,-6.429741226524899e-16,1.5471742355649698e-16,2.3531687952237137e-17,8.331189656149543e-17,2.9127140810705893e-16,2.378324018933223e-16,-2.1270640459283508e-15,(3R)-3-Hydroxypalmitoyl-[acyl-carrier-protein] hydro-lyase [c0],(3R)-3-Hydroxyhexadecanoyl-ACP <=> H2O + (2E)-Hexadecenoyl-ACP
rxn02212_c0,2.7658569846589976e-15,-1.421156061019423e-16,-1.6747902966570142e-16,-9.259066950766701e-17,4.543296525338406e-17,4.227015980200058e-16,3.6171819433598725e-16,-5.598405473277914e-15,4.6821139367991045e-15,2-Dehydro-3-deoxy-D-arabino-heptonate 7-phosphate phosphate-lyase (cyclyzing) [c0],DAHP --> Phosphate + 5-Dehydroquinate
rxn05464_c0,-1.2034998278255605e-15,-1.5138367893831082e-16,-1.6747902966570142e-16,-2.520679705157425e-16,1.0100302387138072e-16,-2.015326379599333e-16,2.5748972508344736e-17,4.263539523211923e-16,1.8273771141090245e-15,Octadecanoyl-ACP:NADP+ oxidoreductase,NADH + H+ + (2E)-Octadecenoyl-ACP --> NAD + Octadecanoyl-ACP
rxn15021_c0,-5.279689923715068e-16,-4.910427842657274e-15,0.5199776158037728,1.2977189880552073e-15,1.5528037890607033e-15,2.7877790960075413e-15,-5.003032396534169e-16,-1.0348208222949849e-15,0.6477702007735628,pyruvate:pyruvate acetaldehydetransferase (decarboxylating) [c0],2.0 Pyruvate + H+ --> CO2 + (S)-2-Acetolactate
rxn05212_c0,1.1545076961333182e-17,6.841838026492721e-16,3.970347725460912e-16,1.6801373198855656e-16,4.664749089768843e-16,1.0727990531423115e-16,6.664930678807228e-16,-5.29950176077014e-16,-3.6987734034214884e-16,Uptake of divalent copper by CopCD,Cu2+ [e0] --> Cu2+
rxn00966_c0,9.828325835305584e-17,6.977976390471568e-16,-2.5940549548034577e-16,5.443057407030807e-16,5.954944731713758e-14,-3.5892988418558096e-16,8.405778722709744e-16,-3.7552829668045806e-17,1.3277171954348392e-16,chorismate pyruvate-lyase (4-hydroxybenzoate-forming) [c0],Chorismate --> Pyruvate + 4-Hydroxybenzoate
rxn09106_c0,2.0675096199581554e-17,0.0,0.0,0.0,-1.39581697906708e-31,0.0,0.0,0.0,-7.60910600312791e-16,"phosphatidylglycerol phosphate phosphatase (periplasm, n-C18:0) [c0]","H2O + Phosphatidylglycerophosphate dioctadecanoyl --> Phosphate + H+ + 1,2-dioctadecanoyl-sn-glycero-3-phosphoglycerol"
rxn14040_c0,0.0,0.0,0.0,0.0,0.0,0.0,0.0,0.0,0.0,"ditrans,tetracis-heptaprenyl-diphosphate:isopentenyl-diphosphate heptaprenylcistransferase [c0]","Isopentenyldiphosphate + ditrans,tetracis-Heptaprenyl diphosphate --> PPi + H+ + ditrans,pentacis-Octaprenyl diphosphate"
rxn06729_c0,1.114086404931637e-16,-8.372895296962713e-16,-9.97000588122196e-16,-2.673781532648666e-16,-6.2438785410132914e-18,3.1107802481652104e-16,-3.543758137335046e-16,-2.89797643721873e-15,2.0176276377443415e-16,(R)-3-Hydroxytetradecanoly-[acyl-carrier-protein]:UDP-N-acetyl-glucosamine 3-O-(3-hydroxytetradecanoyl)transferase [c0],UDP-N-acetylglucosamine + (3R)-3-Hydroxytetradecanoyl-ACP --> UDP-3-O-(3-hydroxytetradecanoyl)-N-acetylglucosamine + ACP
rxn09499_c0,0.7095282042850275,0.5854568237974858,0.5199776158037687,0.6106959003944196,0.5729582543713047,0.4992881333706852,3.8008078853332026e-14,0.702227598867951,0.6477702007735892,glycine:lipoylprotein oxidoreductase (decarboxylating and acceptor-aminomethylating) [c0],Glycine + H+ + Protein N6-(lipoyl)lysine [c0] --> CO2 + S-Aminomethyldihydrolipoamide
rxn03146_c0,-1.1967281306786223e-16,-8.372895296962713e-16,-1.0645269396186997e-15,2.684810349931085e-16,-1.2881826203962394e-15,2.453904681126045e-16,-5.859807860414427e-17,1.051726700139086e-15,-2.788652071821227e-16,UDP-3-O-[(3R)-3-hydroxymyristoyl]-N-acetylglucosamine amidohydrolase [c0],H2O + UDP-3-O-(3-hydroxytetradecanoyl)-N-acetylglucosamine <=> Acetate + UDP-3-O-(3-hydroxytetradecanoyl)-D-glucosamine
rxn00300_c0,3.1650244777923464e-16,-5.734532334118256e-16,-9.337297608066526e-16,1.886821024848113e-15,8.834671740298051e-17,3.5701898891625235e-16,-4.0598562929083072e-16,-1.2026550799140175e-16,-2.814361865859362e-16,"GTP 7,8-8,9-dihydrolase (diphosphate-forming) [c0]","3.0 H2O + GTP --> PPi + Formate + 3.0 H+ + 2,5-Diamino-6-(5'-phosphoribosylamino)-4-pyrimidineone"
rxn05334_c0,-4.31810759129822e-16,0.0,0.0,1.6876732640545672e-15,0.0,-9.82780323485516e-16,-1.788386598837617e-15,1.5280043354547945e-15,2.3075525136050826e-15,(3R)-3-Hydroxybutanoyl-[acyl-carrier-protein] hydro-lyase [c0],(3R)-3-Hydroxyoctanoyl-ACP <=> H2O + (2E)-Octenoyl-ACP
rxn04139_c0,-8.756742177103628e-31,0.0,0.0,-6.819867530484701e-31,0.0,0.0,0.0,0.0,-3.2367269353009652e-15,"2-Octaprenyl-3-methyl-6-methoxy-1,4-benzoquinone ,NADPH2:oxygen oxidoreductase [c0]","NADPH + O2 + H+ + 2-Octaprenyl-3-methyl-6-methoxy-1,4-benzoquinone --> H2O + NADP + 2-Octaprenyl-3-methyl-5-hydroxy-6-methoxy-1,4-benzoquinone"
rxn02056_c0,-5.529740739560618e-16,-8.89475707280976e-16,8.877336082997437e-16,2.4017734285225344e-16,-9.711248984560165e-17,1.2904465167036101e-15,-4.794727586102715e-16,2.1624884257955352e-16,3.87498421981165e-16,S-Adenosyl-L-methionine:uroporphyrin-III C-methyltransferase [c0],2.0 H+ + Siroheme <=> Sirohydrochlorin + Fe2+
rxn08551_c0,-2.2005926867637606e-16,-5.057888851782112e-16,4.2135119564492903e-17,-1.3668946979542234e-16,-4.382886221310581e-18,1.8854123337662935e-16,6.427022380136204e-16,-2.989954066388792e-16,3.998737362017402e-16,glycerol-3-phosphate acyltransferase (C18:0) [c0],Glycerol-3-phosphate + Octadecanoyl-ACP --> ACP + 1-octadecanoyl-sn-glycerol 3-phosphate
rxn02402_c0,-3.354214847589047e-16,1.8256749895525599e-13,-1.900505981439969e-12,-1.814157577533136e-12,-1.3193929781658837e-12,1.0133691044006904e-12,4.989831676521686e-13,2.291777214818873e-12,-2.464353998714453e-12,Nicotinate-nucleotide:pyrophosphate phosphoribosyltransferase (carboxylating) [c0],H+ + PRPP + Quinolinate --> CO2 + PPi + Nicotinate ribonucleotide
rxn00917_c0,-1.9388254143724833e-14,-1.8065740526225704e-16,5.789153834634125e-16,1.8038988561551743e-16,-9.711248984560165e-17,-3.1382428701845975e-17,4.1531177098398917e-16,-2.632260162192378e-16,-2.493304226171462e-15,Xanthosine-5'-phosphate:L-glutamine amido-ligase (AMP-forming) [c0],H2O + ATP + L-Glutamine + XMP --> PPi + AMP + L-Glutamate + 3.0 H+ + GMP
rxn01388_c0,0.7055933524937744,0.5366178427871576,0.4883750844597273,0.5782627592454774,0.5380756794104763,-2.677875417672737e-15,0.5545565160160015,0.700505074979086,0.6438667354519102,isocitrate hydro-lyase (cis-aconitate-forming) [c0],Isocitrate <=> H2O + cis-Aconitate
rxn04070_c0,-1.8396182823874948e-16,-3.518004282203415e-16,-4.139304697779839e-16,-1.145473989953307e-16,1.7415664603634463e-16,-2.460351114590015e-16,6.332150408600876e-16,-6.711379297104967e-16,-5.910206147296088e-16,pyridoxine 5'-phosphate synthase [c0],1-deoxy-D-xylulose5-phosphate + 3-Amino-2-oxopropyl phosphate --> 2.0 H2O + Phosphate + H+ + Pyridoxine phosphate
rxn00790_c0,-3.2078712627905284e-14,1.3800466410878251e-14,-6.918226643402264e-15,-1.1513250731917642e-14,-8.497688064499706e-14,-1.3289656404994772e-14,3.8690838730829966e-14,3.619257295977542e-15,4.2247096385231276e-14,5-phosphoribosylamine:diphosphate phospho-alpha-D-ribosyltransferase (glutamate-amidating) [c0],H2O + L-Glutamine + PRPP --> PPi + L-Glutamate + H+ + 5-Phosphoribosylamine
rxn03841_c0,-1.0738786387711639e-16,1.747173280141149e-17,-4.71854505265377e-16,-2.4370342952542623e-16,4.091204122949538e-16,-1.714455795467145e-16,2.470309480458048e-13,1.6620813639441054e-16,-1.1721307079316925e-13,4-amino-4-deoxychorismate pyruvate-lyase [c0],4-amino-4-deoxychorismate --> Pyruvate + H+ + 4-aminobenzoate
rxn15467_c0,-2.3298297576561573e-15,5.0029796317307434e-15,0.519977615803778,1.6849459557637237e-15,2.5983922634790545e-15,-1.0156853627661281e-14,4.556134854173597e-15,-4.252055085792928e-16,0.6477702007736007,"(R)-2,3-Dihydroxy-3-methylbutanoate hydro-lyase [c0]","(R)-2,3-Dihydroxy-3-methylbutanoate [c0] --> H2O + 3-Methyl-2-oxobutanoate"
rxn05331_c0,-3.734373150367856e-15,0.0,-7.393267888985602e-16,-4.09418524349419e-16,1.380318609622112e-31,8.447827862706162e-14,1.0858773727689038e-15,0.0,5.616666205139015e-16,(3R)-3-Hydroxybutanoyl-[acyl-carrier-protein] hydro-lyase [c0],(3R)-3-Hydroxydodecanoyl-ACP <=> H2O + (2E)-Dodecenoyl-ACP
rxn05115_c0,2.6469129224361185e-14,-1.9682853889872463e-14,-2.3004825100524112e-14,5.9274672205563565e-15,-2.4838879203922356e-14,-1.0788941298928741e-13,5.7378386796894606e-15,-2.1701235084813655e-14,2.0001852861810503e-14,5-carboxyamino-1-(5-phospho-D-ribosyl)imidazole carboxymutase [c0],5-phosphoribosyl-5-carboxyaminoimidazole <=> 5'-Phosphoribosyl-4-carboxy-5-aminoimidazole
rxn02160_c0,6.422031368879315e-16,-3.208848182350801e-17,-2.0438222163219391e-16,2.163237889953329e-17,-2.140248059159107e-16,-4.3032654251730294e-16,-7.071387302830217e-16,-1.7298307232287515e-16,6.316415152519613e-17,L-Histidinol-phosphate phosphohydrolase [c0],H2O + L-histidinol-phosphate --> Phosphate + L-Histidinol
rxn05337_c0,-4.1886743265033644e-16,-8.121839194503324e-16,2.355196380204769e-15,-3.837239598541564e-16,-2.140248059159107e-16,-2.601179540599204e-16,3.745613466706593e-16,-3.4594849406083654e-16,1.4428940836645166e-17,(3R)-3-Hydroxyhexanoyl-[acyl-carrier-protein]:NADP+ oxidoreductase [c0],NADP + (3R)-3-Hydroxyhexanoyl-ACP <=> NADPH + H+ + 3-Oxohexanoyl-ACP
rxn05231_c0,3.495494892022994e-16,-1.568566434901471e-16,-7.796642401351362e-16,-4.043460246290187e-16,1.5646276381895186e-15,-3.4750589905462076e-16,-7.07138730283022e-16,3.460953917079601e-16,6.316415152519624e-17,2'-Deoxyadenosine 5'-diphosphate:oxidized-thioredoxin 2'-oxidoreductase [c0],ADP + Reduced thioredoxin --> H2O + dADP + Oxidized thioredoxin
rxn02811_c0,0.0,0.0,0.0,0.0,0.0,0.499288133370682,0.0,0.0,0.6477702007735997,3-Isopropylmalate hydro-lyase [c0],3-Isopropylmalate <=> H2O + 2-Isopropylmaleate
rxn09272_c0,-8.33660645892791e-15,0.5688206171562631,4.561875658771892e-15,0.5999475298398236,-5.205215144377757e-15,5.441273728709465e-16,0.5738177839857145,-5.636236686243487e-15,0.4732572447869689,Succinate dehydrogenase (ubiquinone),Succinate + Ubiquinone-8 --> Fumarate + Ubiquinol-8
rxn01018_c0,-5.1259768062159456e-17,8.550218710871939e-16,3.6391816401741117e-16,-3.803710658352626e-16,-6.435060072701737e-16,-1.4725032269556301e-15,-1.1320588648801364e-15,-1.806413131664591e-16,4.68542176655495e-16,carbamoyl-phosphate:L-aspartate carbamoyltransferase [c0],L-Aspartate + Carbamoylphosphate --> Phosphate + H+ + N-Carbamoyl-L-aspartate
rxn05039_c0,2.4016047476347416e-16,-1.1232129601533777e-15,-2.615791206589181e-16,-2.595816003788565e-16,8.804648176013013e-17,4.2622266845215015e-16,-1.1727024186855704e-15,1.580104800594128e-16,1.8642954163118823e-16,5-amino-6-(5-phosphoribitylamino)uracil phosphatase,H2O + 5-Amino-6--5-phosphoribitylaminouracil --> Phosphate + 5-Amino-6-(1-D-ribitylamino)uracil
rxn01255_c0,-2.0354474423404743e-16,-1.0095046381844825e-15,6.537705153596689e-16,2.705687113643635e-16,8.804648176013013e-17,-7.866589080760853e-16,4.953594887982204e-15,2.8620293539021923e-16,-1.6078179344734213e-18,5-O-(1-Carboxyvinyl)-3-phosphoshikimate phosphate-lyase (chorismate-forming) [c0],5-O--1-Carboxyvinyl-3-phosphoshikimate --> Phosphate + Chorismate
rxn03135_c0,3.5964974159351213e-16,8.717832865506874e-16,-6.922555025116759e-17,1.3384328428722682e-16,-1.4341140672532495e-16,-7.021015235919267e-16,1.0056313890828956e-15,-1.0674575300525599e-16,-1.2541097484319178e-16,R04558 [c0],L-Glutamine + phosphoribulosylformimino-AICAR-phosphate --> L-Glutamate + 2.0 H+ + D-erythro-imidazol-glycerol-phosphate + AICAR
rxn03137_c0,-2.5290562824487323e-14,1.0740040433499609e-13,1.3747164328068305e-13,-4.2023711603191095e-14,1.9911643854778603e-14,-1.4617484650257997e-13,5.1373760428757903e-14,3.680451294245124e-14,-3.4095971982494773e-14,10-Formyltetrahydrofolate:5'-phosphoribosyl-5-amino-4-imidazolecarboxamide formyltransferase [c0],10-Formyltetrahydrofolate + AICAR <=> Tetrahydrofolate + FAICAR
rxn01106_c0,-1.185650351530238e-14,3.222103047756159e-14,3.4106416203209964e-14,-1.2614058571204748e-14,5.2619525742970616e-15,-4.4923693853592765e-14,1.8656584053685224e-14,1.002903799109201e-13,-1.3809371412515167e-14,"2-Phospho-D-glycerate 2,3-phosphomutase [c0]",2-Phospho-D-glycerate <=> 3-Phosphoglycerate
rxn02159_c0,4.80425421561111e-16,8.717832865506874e-16,1.7156459360966064e-16,3.555602644993665e-16,-3.2690119792739096e-16,-8.435810510027854e-16,-4.2109955709019757e-16,-5.705358360150842e-16,9.493978838285261e-17,L-Histidinol:NAD+ oxidoreductase [c0],NAD + L-Histidinol <=> NADH + H+ + L-Histidinal
rxn02201_c0,-2.6363376475374323e-16,-1.1232129601533777e-15,4.434752683575309e-17,8.673187318404696e-17,-1.4341140672532495e-16,-5.302349090504522e-16,2.4798834119889365e-13,-1.3025384285158469e-15,-1.7460978992627203e-16,"2-amino-4-hydroxy-6-hydroxymethyl-7,8-dihydropteridine-diphosphate:4-aminobenzoate 2-amino-4-hydroxydihydropteridine-6-methenyltransferase [c0]",4-aminobenzoate + 2-Amino-4-hydroxy-6-hydroxymethyl-7-8-dihydropteridinediphosphate --> PPi + H+ + Dihydropteroate
rxn15466_c0,-7.470209565853617e-16,2.0540976025919715e-16,0.519977615803764,1.4123135826345625e-15,1.6939533149346048e-15,1.0848461823995648e-14,5.708083782369994e-15,6.386814544876779e-16,0.6477702007735635,"(R)-2,3-Dihydroxy-3-methylbutanoate:NADP+ oxidoreductase (isomerizing) [c0]","NADP + (R)-2,3-Dihydroxy-3-methylbutanoate [c0] <=> NADPH + H+ + (S)-2-Acetolactate"
rxn05335_c0,3.259373823783684e-16,1.6808877244799798e-19,2.273836689641889e-16,3.515653463317806e-17,-5.903659113995034e-16,-4.336339515670172e-16,2.153163209573033e-16,1.1063973351897324e-15,-4.729264280439733e-16,(3R)-3-Hydroxypalmitoyl-[acyl-carrier-protein] hydro-lyase [c0],(3R)-3-Hydroxytetradecanoyl-ACP <=> H2O + (2E)-Tetradecenoyl-ACP
